/*
 * Instruments
 */

INSERT INTO `projman9`.`instrument` (`id`, `name`) VALUES ('1', 'Gibson J-160E');
INSERT INTO `projman9`.`musician_instrument` (`musician_id`, `instrument_id`) VALUES ('1', '1');
INSERT INTO `projman9`.`musician_instrument` (`musician_id`, `instrument_id`) VALUES ('2', '1');

INSERT INTO `projman9`.`instrument` (`id`, `name`) VALUES ('2', 'Framus twelve-string acoustic');
INSERT INTO `projman9`.`musician_instrument` (`musician_id`, `instrument_id`) VALUES ('1', '2');

INSERT INTO `projman9`.`instrument` (`id`, `name`) VALUES ('3', 'Rickenbacker 325');
INSERT INTO `projman9`.`musician_instrument` (`musician_id`, `instrument_id`) VALUES ('1', '3');

INSERT INTO `projman9`.`instrument` (`id`, `name`) VALUES ('4', 'Gretsch Duo Jet');
INSERT INTO `projman9`.`musician_instrument` (`musician_id`, `instrument_id`) VALUES ('4', '4');

INSERT INTO `projman9`.`instrument` (`id`, `name`) VALUES ('5', 'Gretsch Country Gentleman');
INSERT INTO `projman9`.`musician_instrument` (`musician_id`, `instrument_id`) VALUES ('4', '5');

INSERT INTO `projman9`.`instrument` (`id`, `name`) VALUES ('6', 'Gretsch Tennessean');
INSERT INTO `projman9`.`musician_instrument` (`musician_id`, `instrument_id`) VALUES ('4', '6');

INSERT INTO `projman9`.`instrument` (`id`, `name`) VALUES ('7', 'Epiphone Casino');
INSERT INTO `projman9`.`musician_instrument` (`musician_id`, `instrument_id`) VALUES ('2', '7');
INSERT INTO `projman9`.`musician_instrument` (`musician_id`, `instrument_id`) VALUES ('4', '7');

INSERT INTO `projman9`.`instrument` (`id`, `name`) VALUES ('8', 'Steinway Vertegrand upright piano');
INSERT INTO `projman9`.`musician_instrument` (`musician_id`, `instrument_id`) VALUES ('1', '8');

INSERT INTO `projman9`.`instrument` (`id`, `name`) VALUES ('9', 'Baldwin Combo harpsichord');
INSERT INTO `projman9`.`musician_instrument` (`musician_id`, `instrument_id`) VALUES ('1', '9');
INSERT INTO `projman9`.`musician_instrument` (`musician_id`, `instrument_id`) VALUES ('3', '9');
INSERT INTO `projman9`.`musician_instrument` (`musician_id`, `instrument_id`) VALUES ('4', '9');

INSERT INTO `projman9`.`instrument` (`id`, `name`) VALUES ('10', 'Bechstein D-280 concert grand piano');
INSERT INTO `projman9`.`musician_instrument` (`musician_id`, `instrument_id`) VALUES ('3', '10');

INSERT INTO `projman9`.`instrument` (`id`, `name`) VALUES ('11', 'Ludwig Super Classic drum kit');
INSERT INTO `projman9`.`musician_instrument` (`musician_id`, `instrument_id`) VALUES ('3', '11');
INSERT INTO `projman9`.`musician_instrument` (`musician_id`, `instrument_id`) VALUES ('6', '11');

INSERT INTO `projman9`.`instrument` (`id`, `name`) VALUES ('12', 'Fender Stratocaster');
INSERT INTO `projman9`.`musician_instrument` (`musician_id`, `instrument_id`) VALUES ('1', '12');

INSERT INTO `projman9`.`instrument` (`id`, `name`) VALUES ('13', 'Hofner 500/1 Violin Bass');
INSERT INTO `projman9`.`musician_instrument` (`musician_id`, `instrument_id`) VALUES ('2', '13');
INSERT INTO `projman9`.`musician_instrument` (`musician_id`, `instrument_id`) VALUES ('20', '13');

INSERT INTO `projman9`.`instrument` (`id`, `name`) VALUES ('14', 'Epiphone Texan FT-79');
INSERT INTO `projman9`.`musician_instrument` (`musician_id`, `instrument_id`) VALUES ('2', '14');

INSERT INTO `projman9`.`instrument` (`id`, `name`) VALUES ('15', 'Rickenbacker 4001S');
INSERT INTO `projman9`.`musician_instrument` (`musician_id`, `instrument_id`) VALUES ('2', '15');

INSERT INTO `projman9`.`instrument` (`id`, `name`) VALUES ('16', 'Ramirez Classical Guitar');
INSERT INTO `projman9`.`musician_instrument` (`musician_id`, `instrument_id`) VALUES ('4', '16');
INSERT INTO `projman9`.`musician_instrument` (`musician_id`, `instrument_id`) VALUES ('11', '16');

INSERT INTO `projman9`.`instrument` (`id`, `name`) VALUES ('17', 'Vox Continental Portable Organ');
INSERT INTO `projman9`.`musician_instrument` (`musician_id`, `instrument_id`) VALUES ('2', '17');

INSERT INTO `projman9`.`instrument` (`id`, `name`) VALUES ('18', 'Challen upright piano');
INSERT INTO `projman9`.`musician_instrument` (`musician_id`, `instrument_id`) VALUES ('1', '18');
INSERT INTO `projman9`.`musician_instrument` (`musician_id`, `instrument_id`) VALUES ('4', '18');
INSERT INTO `projman9`.`musician_instrument` (`musician_id`, `instrument_id`) VALUES ('18', '18');

INSERT INTO `projman9`.`instrument` (`id`, `name`) VALUES ('19', 'Hammond RT-3 organ');
INSERT INTO `projman9`.`musician_instrument` (`musician_id`, `instrument_id`) VALUES ('2', '19');
INSERT INTO `projman9`.`musician_instrument` (`musician_id`, `instrument_id`) VALUES ('3', '19');

INSERT INTO `projman9`.`instrument` (`id`, `name`) VALUES ('20', 'Harmonium');
INSERT INTO `projman9`.`musician_instrument` (`musician_id`, `instrument_id`) VALUES ('4', '20');

INSERT INTO `projman9`.`instrument` (`id`, `name`) VALUES ('21', 'Rickenbacker 2030');
INSERT INTO `projman9`.`musician_instrument` (`musician_id`, `instrument_id`) VALUES ('6', '21');

INSERT INTO `projman9`.`instrument` (`id`, `name`) VALUES ('22', 'Rickenbacker 3001');
INSERT INTO `projman9`.`musician_instrument` (`musician_id`, `instrument_id`) VALUES ('5', '22');
INSERT INTO `projman9`.`musician_instrument` (`musician_id`, `instrument_id`) VALUES ('7', '22');

INSERT INTO `projman9`.`instrument` (`id`, `name`) VALUES ('23', 'Rickenbacker 4000');
INSERT INTO `projman9`.`musician_instrument` (`musician_id`, `instrument_id`) VALUES ('11', '23');

INSERT INTO `projman9`.`instrument` (`id`, `name`) VALUES ('24', 'Rickenbacker 4003');
INSERT INTO `projman9`.`musician_instrument` (`musician_id`, `instrument_id`) VALUES ('12', '24');
INSERT INTO `projman9`.`musician_instrument` (`musician_id`, `instrument_id`) VALUES ('15', '24');

INSERT INTO `projman9`.`instrument` (`id`, `name`) VALUES ('25', 'Framus Mayfield');
INSERT INTO `projman9`.`musician_instrument` (`musician_id`, `instrument_id`) VALUES ('5', '25');
INSERT INTO `projman9`.`musician_instrument` (`musician_id`, `instrument_id`) VALUES ('16', '25');
INSERT INTO `projman9`.`musician_instrument` (`musician_id`, `instrument_id`) VALUES ('18', '25');

INSERT INTO `projman9`.`instrument` (`id`, `name`) VALUES ('26', 'Framus Legacy');
INSERT INTO `projman9`.`musician_instrument` (`musician_id`, `instrument_id`) VALUES ('9', '26');

INSERT INTO `projman9`.`instrument` (`id`, `name`) VALUES ('27', 'Gretsch Silver Jet');
INSERT INTO `projman9`.`musician_instrument` (`musician_id`, `instrument_id`) VALUES ('10', '27');
INSERT INTO `projman9`.`musician_instrument` (`musician_id`, `instrument_id`) VALUES ('19', '27');

INSERT INTO `projman9`.`instrument` (`id`, `name`) VALUES ('28', 'Steinway Grand piano S-155');
INSERT INTO `projman9`.`musician_instrument` (`musician_id`, `instrument_id`) VALUES ('9', '28');
INSERT INTO `projman9`.`musician_instrument` (`musician_id`, `instrument_id`) VALUES ('13', '28');

INSERT INTO `projman9`.`instrument` (`id`, `name`) VALUES ('29', 'Steinway Upright piano 4510');
INSERT INTO `projman9`.`musician_instrument` (`musician_id`, `instrument_id`) VALUES ('14', '29');
INSERT INTO `projman9`.`musician_instrument` (`musician_id`, `instrument_id`) VALUES ('17', '29');

INSERT INTO `projman9`.`instrument` (`id`, `name`) VALUES ('30', 'Pearl Decade Maple');
INSERT INTO `projman9`.`musician_instrument` (`musician_id`, `instrument_id`) VALUES ('8', '30');

/*
 * Rozpodil
*/

/*
  album 1: With the Beatles
*/

INSERT INTO `rozpodil` (`musician_id`,`song_id`,`gonorar_chastka`) VALUES (1,1,2.0);
INSERT INTO `rozpodil` (`musician_id`,`song_id`,`gonorar_chastka`) VALUES (2,1,2.0);
INSERT INTO `rozpodil` (`musician_id`,`song_id`,`gonorar_chastka`) VALUES (3,1,2.0);
INSERT INTO `rozpodil` (`musician_id`,`song_id`,`gonorar_chastka`) VALUES (4,1,2.0);

INSERT INTO `rozpodil` (`musician_id`,`song_id`,`gonorar_chastka`) VALUES (1,2,1.0);
INSERT INTO `rozpodil` (`musician_id`,`song_id`,`gonorar_chastka`) VALUES (2,2,2.0);
INSERT INTO `rozpodil` (`musician_id`,`song_id`,`gonorar_chastka`) VALUES (3,2,1.0);
INSERT INTO `rozpodil` (`musician_id`,`song_id`,`gonorar_chastka`) VALUES (4,2,1.0);

INSERT INTO `rozpodil` (`musician_id`,`song_id`,`gonorar_chastka`) VALUES (1,3,2.0);
INSERT INTO `rozpodil` (`musician_id`,`song_id`,`gonorar_chastka`) VALUES (2,3,1.0);
INSERT INTO `rozpodil` (`musician_id`,`song_id`,`gonorar_chastka`) VALUES (3,3,1.0);
INSERT INTO `rozpodil` (`musician_id`,`song_id`,`gonorar_chastka`) VALUES (4,3,1.0);

INSERT INTO `rozpodil` (`musician_id`,`song_id`,`gonorar_chastka`) VALUES (1,4,2.0);
INSERT INTO `rozpodil` (`musician_id`,`song_id`,`gonorar_chastka`) VALUES (2,4,2.0);
INSERT INTO `rozpodil` (`musician_id`,`song_id`,`gonorar_chastka`) VALUES (3,4,2.0);
INSERT INTO `rozpodil` (`musician_id`,`song_id`,`gonorar_chastka`) VALUES (4,4,2.0);

INSERT INTO `rozpodil` (`musician_id`,`song_id`,`gonorar_chastka`) VALUES (1,5,1.0);
INSERT INTO `rozpodil` (`musician_id`,`song_id`,`gonorar_chastka`) VALUES (2,5,1.0);
INSERT INTO `rozpodil` (`musician_id`,`song_id`,`gonorar_chastka`) VALUES (3,5,1.0);
INSERT INTO `rozpodil` (`musician_id`,`song_id`,`gonorar_chastka`) VALUES (4,5,2.0);

INSERT INTO `rozpodil` (`musician_id`,`song_id`,`gonorar_chastka`) VALUES (1,6,2.0);
INSERT INTO `rozpodil` (`musician_id`,`song_id`,`gonorar_chastka`) VALUES (2,6,2.0);
INSERT INTO `rozpodil` (`musician_id`,`song_id`,`gonorar_chastka`) VALUES (3,6,2.0);
INSERT INTO `rozpodil` (`musician_id`,`song_id`,`gonorar_chastka`) VALUES (4,6,2.0);

INSERT INTO `rozpodil` (`musician_id`,`song_id`,`gonorar_chastka`) VALUES (1,7,2.0);
INSERT INTO `rozpodil` (`musician_id`,`song_id`,`gonorar_chastka`) VALUES (2,7,2.0);
INSERT INTO `rozpodil` (`musician_id`,`song_id`,`gonorar_chastka`) VALUES (3,7,2.0);
INSERT INTO `rozpodil` (`musician_id`,`song_id`,`gonorar_chastka`) VALUES (4,7,2.0);

INSERT INTO `rozpodil` (`musician_id`,`song_id`,`gonorar_chastka`) VALUES (1,8,2.0);
INSERT INTO `rozpodil` (`musician_id`,`song_id`,`gonorar_chastka`) VALUES (2,8,2.0);
INSERT INTO `rozpodil` (`musician_id`,`song_id`,`gonorar_chastka`) VALUES (3,8,2.0);
INSERT INTO `rozpodil` (`musician_id`,`song_id`,`gonorar_chastka`) VALUES (4,8,2.0);

INSERT INTO `rozpodil` (`musician_id`,`song_id`,`gonorar_chastka`) VALUES (1,9,2.0);
INSERT INTO `rozpodil` (`musician_id`,`song_id`,`gonorar_chastka`) VALUES (2,9,2.0);
INSERT INTO `rozpodil` (`musician_id`,`song_id`,`gonorar_chastka`) VALUES (3,9,2.0);
INSERT INTO `rozpodil` (`musician_id`,`song_id`,`gonorar_chastka`) VALUES (4,9,2.0);

INSERT INTO `rozpodil` (`musician_id`,`song_id`,`gonorar_chastka`) VALUES (1,10,2.0);
INSERT INTO `rozpodil` (`musician_id`,`song_id`,`gonorar_chastka`) VALUES (2,10,2.0);
INSERT INTO `rozpodil` (`musician_id`,`song_id`,`gonorar_chastka`) VALUES (3,10,2.0);
INSERT INTO `rozpodil` (`musician_id`,`song_id`,`gonorar_chastka`) VALUES (4,10,2.0);

INSERT INTO `rozpodil` (`musician_id`,`song_id`,`gonorar_chastka`) VALUES (1,11,1.0);
INSERT INTO `rozpodil` (`musician_id`,`song_id`,`gonorar_chastka`) VALUES (2,11,1.0);
INSERT INTO `rozpodil` (`musician_id`,`song_id`,`gonorar_chastka`) VALUES (3,11,2.0);
INSERT INTO `rozpodil` (`musician_id`,`song_id`,`gonorar_chastka`) VALUES (4,11,1.0);

INSERT INTO `rozpodil` (`musician_id`,`song_id`,`gonorar_chastka`) VALUES (1,12,2.0);
INSERT INTO `rozpodil` (`musician_id`,`song_id`,`gonorar_chastka`) VALUES (2,12,2.0);
INSERT INTO `rozpodil` (`musician_id`,`song_id`,`gonorar_chastka`) VALUES (3,12,2.0);
INSERT INTO `rozpodil` (`musician_id`,`song_id`,`gonorar_chastka`) VALUES (4,12,2.0);

INSERT INTO `rozpodil` (`musician_id`,`song_id`,`gonorar_chastka`) VALUES (1,13,2.0);
INSERT INTO `rozpodil` (`musician_id`,`song_id`,`gonorar_chastka`) VALUES (2,13,2.0);
INSERT INTO `rozpodil` (`musician_id`,`song_id`,`gonorar_chastka`) VALUES (3,13,2.0);
INSERT INTO `rozpodil` (`musician_id`,`song_id`,`gonorar_chastka`) VALUES (4,13,2.0);

INSERT INTO `rozpodil` (`musician_id`,`song_id`,`gonorar_chastka`) VALUES (1,14,2.0);
INSERT INTO `rozpodil` (`musician_id`,`song_id`,`gonorar_chastka`) VALUES (2,14,2.0);
INSERT INTO `rozpodil` (`musician_id`,`song_id`,`gonorar_chastka`) VALUES (3,14,2.0);
INSERT INTO `rozpodil` (`musician_id`,`song_id`,`gonorar_chastka`) VALUES (4,14,2.0);

/*
  album 2: Help!
*/

INSERT INTO `rozpodil` (`musician_id`,`song_id`,`gonorar_chastka`) VALUES (1,15,2.0);
INSERT INTO `rozpodil` (`musician_id`,`song_id`,`gonorar_chastka`) VALUES (2,15,1.0);
INSERT INTO `rozpodil` (`musician_id`,`song_id`,`gonorar_chastka`) VALUES (3,15,1.0);
INSERT INTO `rozpodil` (`musician_id`,`song_id`,`gonorar_chastka`) VALUES (4,15,1.0);

INSERT INTO `rozpodil` (`musician_id`,`song_id`,`gonorar_chastka`) VALUES (1,16,1.0);
INSERT INTO `rozpodil` (`musician_id`,`song_id`,`gonorar_chastka`) VALUES (2,16,2.0);
INSERT INTO `rozpodil` (`musician_id`,`song_id`,`gonorar_chastka`) VALUES (3,16,2.0);
INSERT INTO `rozpodil` (`musician_id`,`song_id`,`gonorar_chastka`) VALUES (4,16,1.0);

INSERT INTO `rozpodil` (`musician_id`,`song_id`,`gonorar_chastka`) VALUES (1,17,2.0);
INSERT INTO `rozpodil` (`musician_id`,`song_id`,`gonorar_chastka`) VALUES (2,17,1.0);
INSERT INTO `rozpodil` (`musician_id`,`song_id`,`gonorar_chastka`) VALUES (3,17,1.0);
INSERT INTO `rozpodil` (`musician_id`,`song_id`,`gonorar_chastka`) VALUES (4,17,2.0);

INSERT INTO `rozpodil` (`musician_id`,`song_id`,`gonorar_chastka`) VALUES (1,18,2.0);
INSERT INTO `rozpodil` (`musician_id`,`song_id`,`gonorar_chastka`) VALUES (2,18,1.0);
INSERT INTO `rozpodil` (`musician_id`,`song_id`,`gonorar_chastka`) VALUES (3,18,2.0);
INSERT INTO `rozpodil` (`musician_id`,`song_id`,`gonorar_chastka`) VALUES (4,18,1.0);

INSERT INTO `rozpodil` (`musician_id`,`song_id`,`gonorar_chastka`) VALUES (1,19,1.0);
INSERT INTO `rozpodil` (`musician_id`,`song_id`,`gonorar_chastka`) VALUES (2,19,2.0);
INSERT INTO `rozpodil` (`musician_id`,`song_id`,`gonorar_chastka`) VALUES (3,19,1.0);
INSERT INTO `rozpodil` (`musician_id`,`song_id`,`gonorar_chastka`) VALUES (4,19,2.0);

INSERT INTO `rozpodil` (`musician_id`,`song_id`,`gonorar_chastka`) VALUES (1,20,1.0);
INSERT INTO `rozpodil` (`musician_id`,`song_id`,`gonorar_chastka`) VALUES (2,20,3.0);
INSERT INTO `rozpodil` (`musician_id`,`song_id`,`gonorar_chastka`) VALUES (3,20,2.0);
INSERT INTO `rozpodil` (`musician_id`,`song_id`,`gonorar_chastka`) VALUES (4,20,3.0);

INSERT INTO `rozpodil` (`musician_id`,`song_id`,`gonorar_chastka`) VALUES (1,21,3.0);
INSERT INTO `rozpodil` (`musician_id`,`song_id`,`gonorar_chastka`) VALUES (2,21,2.0);
INSERT INTO `rozpodil` (`musician_id`,`song_id`,`gonorar_chastka`) VALUES (3,21,1.0);
INSERT INTO `rozpodil` (`musician_id`,`song_id`,`gonorar_chastka`) VALUES (4,21,1.0);

INSERT INTO `rozpodil` (`musician_id`,`song_id`,`gonorar_chastka`) VALUES (1,22,2.0);
INSERT INTO `rozpodil` (`musician_id`,`song_id`,`gonorar_chastka`) VALUES (2,22,1.0);
INSERT INTO `rozpodil` (`musician_id`,`song_id`,`gonorar_chastka`) VALUES (3,22,3.0);
INSERT INTO `rozpodil` (`musician_id`,`song_id`,`gonorar_chastka`) VALUES (4,22,1.0);

INSERT INTO `rozpodil` (`musician_id`,`song_id`,`gonorar_chastka`) VALUES (1,23,1.0);
INSERT INTO `rozpodil` (`musician_id`,`song_id`,`gonorar_chastka`) VALUES (2,23,1.0);
INSERT INTO `rozpodil` (`musician_id`,`song_id`,`gonorar_chastka`) VALUES (3,23,1.0);
INSERT INTO `rozpodil` (`musician_id`,`song_id`,`gonorar_chastka`) VALUES (4,23,2.0);

INSERT INTO `rozpodil` (`musician_id`,`song_id`,`gonorar_chastka`) VALUES (1,24,1.0);
INSERT INTO `rozpodil` (`musician_id`,`song_id`,`gonorar_chastka`) VALUES (2,24,1.0);
INSERT INTO `rozpodil` (`musician_id`,`song_id`,`gonorar_chastka`) VALUES (3,24,1.0);
INSERT INTO `rozpodil` (`musician_id`,`song_id`,`gonorar_chastka`) VALUES (4,24,1.0);

INSERT INTO `rozpodil` (`musician_id`,`song_id`,`gonorar_chastka`) VALUES (1,25,3.0);
INSERT INTO `rozpodil` (`musician_id`,`song_id`,`gonorar_chastka`) VALUES (2,25,4.0);
INSERT INTO `rozpodil` (`musician_id`,`song_id`,`gonorar_chastka`) VALUES (3,25,4.0);
INSERT INTO `rozpodil` (`musician_id`,`song_id`,`gonorar_chastka`) VALUES (4,25,4.0);

INSERT INTO `rozpodil` (`musician_id`,`song_id`,`gonorar_chastka`) VALUES (1,26,1.0);
INSERT INTO `rozpodil` (`musician_id`,`song_id`,`gonorar_chastka`) VALUES (2,26,3.0);
INSERT INTO `rozpodil` (`musician_id`,`song_id`,`gonorar_chastka`) VALUES (3,26,3.0);
INSERT INTO `rozpodil` (`musician_id`,`song_id`,`gonorar_chastka`) VALUES (4,26,1.0);

INSERT INTO `rozpodil` (`musician_id`,`song_id`,`gonorar_chastka`) VALUES (1,27,3.0);
INSERT INTO `rozpodil` (`musician_id`,`song_id`,`gonorar_chastka`) VALUES (2,27,1.0);
INSERT INTO `rozpodil` (`musician_id`,`song_id`,`gonorar_chastka`) VALUES (3,27,1.0);
INSERT INTO `rozpodil` (`musician_id`,`song_id`,`gonorar_chastka`) VALUES (4,27,3.0);

INSERT INTO `rozpodil` (`musician_id`,`song_id`,`gonorar_chastka`) VALUES (1,28,2.0);
INSERT INTO `rozpodil` (`musician_id`,`song_id`,`gonorar_chastka`) VALUES (2,28,2.0);
INSERT INTO `rozpodil` (`musician_id`,`song_id`,`gonorar_chastka`) VALUES (3,28,2.0);
INSERT INTO `rozpodil` (`musician_id`,`song_id`,`gonorar_chastka`) VALUES (4,28,2.0);

/*
  album 3: Rubber Soul
*/

INSERT INTO `rozpodil` (`musician_id`,`song_id`,`gonorar_chastka`) VALUES (1,29,2.0);
INSERT INTO `rozpodil` (`musician_id`,`song_id`,`gonorar_chastka`) VALUES (2,29,2.0);
INSERT INTO `rozpodil` (`musician_id`,`song_id`,`gonorar_chastka`) VALUES (3,29,2.0);
INSERT INTO `rozpodil` (`musician_id`,`song_id`,`gonorar_chastka`) VALUES (4,29,2.0);

INSERT INTO `rozpodil` (`musician_id`,`song_id`,`gonorar_chastka`) VALUES (1,30,2.0);
INSERT INTO `rozpodil` (`musician_id`,`song_id`,`gonorar_chastka`) VALUES (2,30,1.0);
INSERT INTO `rozpodil` (`musician_id`,`song_id`,`gonorar_chastka`) VALUES (3,30,1.0);
INSERT INTO `rozpodil` (`musician_id`,`song_id`,`gonorar_chastka`) VALUES (4,30,2.0);

INSERT INTO `rozpodil` (`musician_id`,`song_id`,`gonorar_chastka`) VALUES (1,31,2.0);
INSERT INTO `rozpodil` (`musician_id`,`song_id`,`gonorar_chastka`) VALUES (2,31,2.0);
INSERT INTO `rozpodil` (`musician_id`,`song_id`,`gonorar_chastka`) VALUES (3,31,2.0);
INSERT INTO `rozpodil` (`musician_id`,`song_id`,`gonorar_chastka`) VALUES (4,31,2.0);

INSERT INTO `rozpodil` (`musician_id`,`song_id`,`gonorar_chastka`) VALUES (1,32,2.0);
INSERT INTO `rozpodil` (`musician_id`,`song_id`,`gonorar_chastka`) VALUES (2,32,2.0);
INSERT INTO `rozpodil` (`musician_id`,`song_id`,`gonorar_chastka`) VALUES (3,32,2.0);
INSERT INTO `rozpodil` (`musician_id`,`song_id`,`gonorar_chastka`) VALUES (4,32,2.0);

INSERT INTO `rozpodil` (`musician_id`,`song_id`,`gonorar_chastka`) VALUES (1,33,1.0);
INSERT INTO `rozpodil` (`musician_id`,`song_id`,`gonorar_chastka`) VALUES (2,33,1.0);
INSERT INTO `rozpodil` (`musician_id`,`song_id`,`gonorar_chastka`) VALUES (3,33,1.0);
INSERT INTO `rozpodil` (`musician_id`,`song_id`,`gonorar_chastka`) VALUES (4,33,1.0);

INSERT INTO `rozpodil` (`musician_id`,`song_id`,`gonorar_chastka`) VALUES (1,34,2.0);
INSERT INTO `rozpodil` (`musician_id`,`song_id`,`gonorar_chastka`) VALUES (2,34,2.0);
INSERT INTO `rozpodil` (`musician_id`,`song_id`,`gonorar_chastka`) VALUES (3,34,2.0);
INSERT INTO `rozpodil` (`musician_id`,`song_id`,`gonorar_chastka`) VALUES (4,34,2.0);

INSERT INTO `rozpodil` (`musician_id`,`song_id`,`gonorar_chastka`) VALUES (1,35,1.0);
INSERT INTO `rozpodil` (`musician_id`,`song_id`,`gonorar_chastka`) VALUES (2,35,2.0);
INSERT INTO `rozpodil` (`musician_id`,`song_id`,`gonorar_chastka`) VALUES (3,35,2.0);
INSERT INTO `rozpodil` (`musician_id`,`song_id`,`gonorar_chastka`) VALUES (4,35,1.0);

INSERT INTO `rozpodil` (`musician_id`,`song_id`,`gonorar_chastka`) VALUES (1,36,2.0);
INSERT INTO `rozpodil` (`musician_id`,`song_id`,`gonorar_chastka`) VALUES (2,36,1.0);
INSERT INTO `rozpodil` (`musician_id`,`song_id`,`gonorar_chastka`) VALUES (3,36,1.0);
INSERT INTO `rozpodil` (`musician_id`,`song_id`,`gonorar_chastka`) VALUES (4,36,2.0);

INSERT INTO `rozpodil` (`musician_id`,`song_id`,`gonorar_chastka`) VALUES (1,37,1.0);
INSERT INTO `rozpodil` (`musician_id`,`song_id`,`gonorar_chastka`) VALUES (2,37,2.0);
INSERT INTO `rozpodil` (`musician_id`,`song_id`,`gonorar_chastka`) VALUES (3,37,2.0);
INSERT INTO `rozpodil` (`musician_id`,`song_id`,`gonorar_chastka`) VALUES (4,37,2.0);

INSERT INTO `rozpodil` (`musician_id`,`song_id`,`gonorar_chastka`) VALUES (1,38,2.0);
INSERT INTO `rozpodil` (`musician_id`,`song_id`,`gonorar_chastka`) VALUES (2,38,1.0);
INSERT INTO `rozpodil` (`musician_id`,`song_id`,`gonorar_chastka`) VALUES (3,38,2.0);
INSERT INTO `rozpodil` (`musician_id`,`song_id`,`gonorar_chastka`) VALUES (4,38,2.0);

INSERT INTO `rozpodil` (`musician_id`,`song_id`,`gonorar_chastka`) VALUES (1,39,2.0);
INSERT INTO `rozpodil` (`musician_id`,`song_id`,`gonorar_chastka`) VALUES (2,39,2.0);
INSERT INTO `rozpodil` (`musician_id`,`song_id`,`gonorar_chastka`) VALUES (3,39,1.0);
INSERT INTO `rozpodil` (`musician_id`,`song_id`,`gonorar_chastka`) VALUES (4,39,2.0);

INSERT INTO `rozpodil` (`musician_id`,`song_id`,`gonorar_chastka`) VALUES (1,40,2.0);
INSERT INTO `rozpodil` (`musician_id`,`song_id`,`gonorar_chastka`) VALUES (2,40,2.0);
INSERT INTO `rozpodil` (`musician_id`,`song_id`,`gonorar_chastka`) VALUES (3,40,2.0);
INSERT INTO `rozpodil` (`musician_id`,`song_id`,`gonorar_chastka`) VALUES (4,40,1.0);

INSERT INTO `rozpodil` (`musician_id`,`song_id`,`gonorar_chastka`) VALUES (1,41,2.0);
INSERT INTO `rozpodil` (`musician_id`,`song_id`,`gonorar_chastka`) VALUES (2,41,3.0);
INSERT INTO `rozpodil` (`musician_id`,`song_id`,`gonorar_chastka`) VALUES (3,41,2.0);
INSERT INTO `rozpodil` (`musician_id`,`song_id`,`gonorar_chastka`) VALUES (4,41,2.0);


INSERT INTO `rozpodil` (`musician_id`,`song_id`,`gonorar_chastka`) VALUES (1,42,3.0);
INSERT INTO `rozpodil` (`musician_id`,`song_id`,`gonorar_chastka`) VALUES (2,42,2.0);
INSERT INTO `rozpodil` (`musician_id`,`song_id`,`gonorar_chastka`) VALUES (3,42,2.0);
INSERT INTO `rozpodil` (`musician_id`,`song_id`,`gonorar_chastka`) VALUES (4,42,2.0);

/*
  album 4: The White Album
*/

INSERT INTO `rozpodil` (`musician_id`,`song_id`,`gonorar_chastka`) VALUES (1,43,2.0);
INSERT INTO `rozpodil` (`musician_id`,`song_id`,`gonorar_chastka`) VALUES (2,43,2.0);
INSERT INTO `rozpodil` (`musician_id`,`song_id`,`gonorar_chastka`) VALUES (3,43,2.0);
INSERT INTO `rozpodil` (`musician_id`,`song_id`,`gonorar_chastka`) VALUES (4,43,2.0);

INSERT INTO `rozpodil` (`musician_id`,`song_id`,`gonorar_chastka`) VALUES (1,44,2.0);
INSERT INTO `rozpodil` (`musician_id`,`song_id`,`gonorar_chastka`) VALUES (2,44,1.0);
INSERT INTO `rozpodil` (`musician_id`,`song_id`,`gonorar_chastka`) VALUES (3,44,1.0);
INSERT INTO `rozpodil` (`musician_id`,`song_id`,`gonorar_chastka`) VALUES (4,44,1.0);

INSERT INTO `rozpodil` (`musician_id`,`song_id`,`gonorar_chastka`) VALUES (1,45,1.0);
INSERT INTO `rozpodil` (`musician_id`,`song_id`,`gonorar_chastka`) VALUES (2,45,2.0);
INSERT INTO `rozpodil` (`musician_id`,`song_id`,`gonorar_chastka`) VALUES (3,45,2.0);
INSERT INTO `rozpodil` (`musician_id`,`song_id`,`gonorar_chastka`) VALUES (4,45,1.0);

INSERT INTO `rozpodil` (`musician_id`,`song_id`,`gonorar_chastka`) VALUES (1,46,2.0);
INSERT INTO `rozpodil` (`musician_id`,`song_id`,`gonorar_chastka`) VALUES (2,46,1.0);
INSERT INTO `rozpodil` (`musician_id`,`song_id`,`gonorar_chastka`) VALUES (3,46,1.0);
INSERT INTO `rozpodil` (`musician_id`,`song_id`,`gonorar_chastka`) VALUES (4,46,1.0);

INSERT INTO `rozpodil` (`musician_id`,`song_id`,`gonorar_chastka`) VALUES (1,47,1.0);
INSERT INTO `rozpodil` (`musician_id`,`song_id`,`gonorar_chastka`) VALUES (2,47,1.0);
INSERT INTO `rozpodil` (`musician_id`,`song_id`,`gonorar_chastka`) VALUES (3,47,1.0);
INSERT INTO `rozpodil` (`musician_id`,`song_id`,`gonorar_chastka`) VALUES (4,47,1.0);

INSERT INTO `rozpodil` (`musician_id`,`song_id`,`gonorar_chastka`) VALUES (1,48,1.0);
INSERT INTO `rozpodil` (`musician_id`,`song_id`,`gonorar_chastka`) VALUES (2,48,1.0);
INSERT INTO `rozpodil` (`musician_id`,`song_id`,`gonorar_chastka`) VALUES (3,48,2.0);
INSERT INTO `rozpodil` (`musician_id`,`song_id`,`gonorar_chastka`) VALUES (4,48,2.0);

INSERT INTO `rozpodil` (`musician_id`,`song_id`,`gonorar_chastka`) VALUES (1,49,1.0);
INSERT INTO `rozpodil` (`musician_id`,`song_id`,`gonorar_chastka`) VALUES (2,49,1.0);
INSERT INTO `rozpodil` (`musician_id`,`song_id`,`gonorar_chastka`) VALUES (3,49,1.0);
INSERT INTO `rozpodil` (`musician_id`,`song_id`,`gonorar_chastka`) VALUES (4,49,1.0);

INSERT INTO `rozpodil` (`musician_id`,`song_id`,`gonorar_chastka`) VALUES (1,50,1.0);
INSERT INTO `rozpodil` (`musician_id`,`song_id`,`gonorar_chastka`) VALUES (2,50,1.0);
INSERT INTO `rozpodil` (`musician_id`,`song_id`,`gonorar_chastka`) VALUES (3,50,1.0);
INSERT INTO `rozpodil` (`musician_id`,`song_id`,`gonorar_chastka`) VALUES (4,50,2.0);

INSERT INTO `rozpodil` (`musician_id`,`song_id`,`gonorar_chastka`) VALUES (1,51,1.0);
INSERT INTO `rozpodil` (`musician_id`,`song_id`,`gonorar_chastka`) VALUES (2,51,1.0);
INSERT INTO `rozpodil` (`musician_id`,`song_id`,`gonorar_chastka`) VALUES (3,51,2.0);
INSERT INTO `rozpodil` (`musician_id`,`song_id`,`gonorar_chastka`) VALUES (4,51,2.0);

INSERT INTO `rozpodil` (`musician_id`,`song_id`,`gonorar_chastka`) VALUES (1,52,1.0);
INSERT INTO `rozpodil` (`musician_id`,`song_id`,`gonorar_chastka`) VALUES (2,52,1.0);
INSERT INTO `rozpodil` (`musician_id`,`song_id`,`gonorar_chastka`) VALUES (3,52,1.0);
INSERT INTO `rozpodil` (`musician_id`,`song_id`,`gonorar_chastka`) VALUES (4,52,1.0);

INSERT INTO `rozpodil` (`musician_id`,`song_id`,`gonorar_chastka`) VALUES (1,53,1.0);
INSERT INTO `rozpodil` (`musician_id`,`song_id`,`gonorar_chastka`) VALUES (2,53,2.0);
INSERT INTO `rozpodil` (`musician_id`,`song_id`,`gonorar_chastka`) VALUES (3,53,1.0);
INSERT INTO `rozpodil` (`musician_id`,`song_id`,`gonorar_chastka`) VALUES (4,53,2.0);

INSERT INTO `rozpodil` (`musician_id`,`song_id`,`gonorar_chastka`) VALUES (1,54,2.0);
INSERT INTO `rozpodil` (`musician_id`,`song_id`,`gonorar_chastka`) VALUES (2,54,2.0);
INSERT INTO `rozpodil` (`musician_id`,`song_id`,`gonorar_chastka`) VALUES (3,54,2.0);
INSERT INTO `rozpodil` (`musician_id`,`song_id`,`gonorar_chastka`) VALUES (4,54,1.0);

INSERT INTO `rozpodil` (`musician_id`,`song_id`,`gonorar_chastka`) VALUES (1,55,2.0);
INSERT INTO `rozpodil` (`musician_id`,`song_id`,`gonorar_chastka`) VALUES (2,55,2.0);
INSERT INTO `rozpodil` (`musician_id`,`song_id`,`gonorar_chastka`) VALUES (3,55,2.0);
INSERT INTO `rozpodil` (`musician_id`,`song_id`,`gonorar_chastka`) VALUES (4,55,2.0);

INSERT INTO `rozpodil` (`musician_id`,`song_id`,`gonorar_chastka`) VALUES (1,56,1.0);
INSERT INTO `rozpodil` (`musician_id`,`song_id`,`gonorar_chastka`) VALUES (2,56,2.0);
INSERT INTO `rozpodil` (`musician_id`,`song_id`,`gonorar_chastka`) VALUES (3,56,2.0);
INSERT INTO `rozpodil` (`musician_id`,`song_id`,`gonorar_chastka`) VALUES (4,56,2.0);

INSERT INTO `rozpodil` (`musician_id`,`song_id`,`gonorar_chastka`) VALUES (1,57,1.0);
INSERT INTO `rozpodil` (`musician_id`,`song_id`,`gonorar_chastka`) VALUES (2,57,2.0);
INSERT INTO `rozpodil` (`musician_id`,`song_id`,`gonorar_chastka`) VALUES (3,57,2.0);
INSERT INTO `rozpodil` (`musician_id`,`song_id`,`gonorar_chastka`) VALUES (4,57,1.0);

INSERT INTO `rozpodil` (`musician_id`,`song_id`,`gonorar_chastka`) VALUES (1,58,2.0);
INSERT INTO `rozpodil` (`musician_id`,`song_id`,`gonorar_chastka`) VALUES (2,58,1.0);
INSERT INTO `rozpodil` (`musician_id`,`song_id`,`gonorar_chastka`) VALUES (3,58,2.0);
INSERT INTO `rozpodil` (`musician_id`,`song_id`,`gonorar_chastka`) VALUES (4,58,2.0);

INSERT INTO `rozpodil` (`musician_id`,`song_id`,`gonorar_chastka`) VALUES (1,59,1.0);
INSERT INTO `rozpodil` (`musician_id`,`song_id`,`gonorar_chastka`) VALUES (2,59,2.0);
INSERT INTO `rozpodil` (`musician_id`,`song_id`,`gonorar_chastka`) VALUES (3,59,1.0);
INSERT INTO `rozpodil` (`musician_id`,`song_id`,`gonorar_chastka`) VALUES (4,59,2.0);

/*
  album 5: Yellow Submarine
*/

INSERT INTO `rozpodil` (`musician_id`,`song_id`,`gonorar_chastka`) VALUES (1,60,2.0);
INSERT INTO `rozpodil` (`musician_id`,`song_id`,`gonorar_chastka`) VALUES (2,60,2.0);
INSERT INTO `rozpodil` (`musician_id`,`song_id`,`gonorar_chastka`) VALUES (3,60,2.0);
INSERT INTO `rozpodil` (`musician_id`,`song_id`,`gonorar_chastka`) VALUES (4,60,2.0);

INSERT INTO `rozpodil` (`musician_id`,`song_id`,`gonorar_chastka`) VALUES (1,61,1.0);
INSERT INTO `rozpodil` (`musician_id`,`song_id`,`gonorar_chastka`) VALUES (2,61,2.0);
INSERT INTO `rozpodil` (`musician_id`,`song_id`,`gonorar_chastka`) VALUES (3,61,1.0);
INSERT INTO `rozpodil` (`musician_id`,`song_id`,`gonorar_chastka`) VALUES (4,61,1.0);

INSERT INTO `rozpodil` (`musician_id`,`song_id`,`gonorar_chastka`) VALUES (1,62,2.0);
INSERT INTO `rozpodil` (`musician_id`,`song_id`,`gonorar_chastka`) VALUES (2,62,2.0);
INSERT INTO `rozpodil` (`musician_id`,`song_id`,`gonorar_chastka`) VALUES (3,62,1.0);
INSERT INTO `rozpodil` (`musician_id`,`song_id`,`gonorar_chastka`) VALUES (4,62,2.0);

INSERT INTO `rozpodil` (`musician_id`,`song_id`,`gonorar_chastka`) VALUES (1,63,2.0);
INSERT INTO `rozpodil` (`musician_id`,`song_id`,`gonorar_chastka`) VALUES (2,63,2.0);
INSERT INTO `rozpodil` (`musician_id`,`song_id`,`gonorar_chastka`) VALUES (3,63,2.0);
INSERT INTO `rozpodil` (`musician_id`,`song_id`,`gonorar_chastka`) VALUES (4,63,2.0);

INSERT INTO `rozpodil` (`musician_id`,`song_id`,`gonorar_chastka`) VALUES (1,64,2.0);
INSERT INTO `rozpodil` (`musician_id`,`song_id`,`gonorar_chastka`) VALUES (2,64,2.0);
INSERT INTO `rozpodil` (`musician_id`,`song_id`,`gonorar_chastka`) VALUES (3,64,2.0);
INSERT INTO `rozpodil` (`musician_id`,`song_id`,`gonorar_chastka`) VALUES (4,64,2.0);

INSERT INTO `rozpodil` (`musician_id`,`song_id`,`gonorar_chastka`) VALUES (1,65,2.0);
INSERT INTO `rozpodil` (`musician_id`,`song_id`,`gonorar_chastka`) VALUES (2,65,2.0);
INSERT INTO `rozpodil` (`musician_id`,`song_id`,`gonorar_chastka`) VALUES (3,65,2.0);
INSERT INTO `rozpodil` (`musician_id`,`song_id`,`gonorar_chastka`) VALUES (4,65,2.0);

INSERT INTO `rozpodil` (`musician_id`,`song_id`,`gonorar_chastka`) VALUES (1,66,2.0);
INSERT INTO `rozpodil` (`musician_id`,`song_id`,`gonorar_chastka`) VALUES (2,66,2.0);
INSERT INTO `rozpodil` (`musician_id`,`song_id`,`gonorar_chastka`) VALUES (3,66,2.0);
INSERT INTO `rozpodil` (`musician_id`,`song_id`,`gonorar_chastka`) VALUES (4,66,2.0);

INSERT INTO `rozpodil` (`musician_id`,`song_id`,`gonorar_chastka`) VALUES (1,67,2.0);
INSERT INTO `rozpodil` (`musician_id`,`song_id`,`gonorar_chastka`) VALUES (2,67,2.0);
INSERT INTO `rozpodil` (`musician_id`,`song_id`,`gonorar_chastka`) VALUES (3,67,2.0);
INSERT INTO `rozpodil` (`musician_id`,`song_id`,`gonorar_chastka`) VALUES (4,67,2.0);

INSERT INTO `rozpodil` (`musician_id`,`song_id`,`gonorar_chastka`) VALUES (1,68,2.0);
INSERT INTO `rozpodil` (`musician_id`,`song_id`,`gonorar_chastka`) VALUES (2,68,2.0);
INSERT INTO `rozpodil` (`musician_id`,`song_id`,`gonorar_chastka`) VALUES (3,68,2.0);
INSERT INTO `rozpodil` (`musician_id`,`song_id`,`gonorar_chastka`) VALUES (4,68,2.0);

INSERT INTO `rozpodil` (`musician_id`,`song_id`,`gonorar_chastka`) VALUES (1,69,2.0);
INSERT INTO `rozpodil` (`musician_id`,`song_id`,`gonorar_chastka`) VALUES (2,69,2.0);
INSERT INTO `rozpodil` (`musician_id`,`song_id`,`gonorar_chastka`) VALUES (3,69,2.0);
INSERT INTO `rozpodil` (`musician_id`,`song_id`,`gonorar_chastka`) VALUES (4,69,2.0);

INSERT INTO `rozpodil` (`musician_id`,`song_id`,`gonorar_chastka`) VALUES (1,70,2.0);
INSERT INTO `rozpodil` (`musician_id`,`song_id`,`gonorar_chastka`) VALUES (2,70,2.0);
INSERT INTO `rozpodil` (`musician_id`,`song_id`,`gonorar_chastka`) VALUES (3,70,2.0);
INSERT INTO `rozpodil` (`musician_id`,`song_id`,`gonorar_chastka`) VALUES (4,70,2.0);

INSERT INTO `rozpodil` (`musician_id`,`song_id`,`gonorar_chastka`) VALUES (1,71,2.0);
INSERT INTO `rozpodil` (`musician_id`,`song_id`,`gonorar_chastka`) VALUES (2,71,2.0);
INSERT INTO `rozpodil` (`musician_id`,`song_id`,`gonorar_chastka`) VALUES (3,71,2.0);
INSERT INTO `rozpodil` (`musician_id`,`song_id`,`gonorar_chastka`) VALUES (4,71,2.0);

INSERT INTO `rozpodil` (`musician_id`,`song_id`,`gonorar_chastka`) VALUES (1,72,2.0);
INSERT INTO `rozpodil` (`musician_id`,`song_id`,`gonorar_chastka`) VALUES (2,72,2.0);
INSERT INTO `rozpodil` (`musician_id`,`song_id`,`gonorar_chastka`) VALUES (3,72,2.0);
INSERT INTO `rozpodil` (`musician_id`,`song_id`,`gonorar_chastka`) VALUES (4,72,2.0);

/*
  album 6: Abbey Road
*/

INSERT INTO `rozpodil` (`musician_id`,`song_id`,`gonorar_chastka`) VALUES (1,73,2.0);
INSERT INTO `rozpodil` (`musician_id`,`song_id`,`gonorar_chastka`) VALUES (2,73,2.0);
INSERT INTO `rozpodil` (`musician_id`,`song_id`,`gonorar_chastka`) VALUES (3,73,2.0);
INSERT INTO `rozpodil` (`musician_id`,`song_id`,`gonorar_chastka`) VALUES (4,73,2.0);

INSERT INTO `rozpodil` (`musician_id`,`song_id`,`gonorar_chastka`) VALUES (1,74,2.0);
INSERT INTO `rozpodil` (`musician_id`,`song_id`,`gonorar_chastka`) VALUES (2,74,1.0);
INSERT INTO `rozpodil` (`musician_id`,`song_id`,`gonorar_chastka`) VALUES (3,74,1.0);
INSERT INTO `rozpodil` (`musician_id`,`song_id`,`gonorar_chastka`) VALUES (4,74,1.0);

INSERT INTO `rozpodil` (`musician_id`,`song_id`,`gonorar_chastka`) VALUES (1,75,1.0);
INSERT INTO `rozpodil` (`musician_id`,`song_id`,`gonorar_chastka`) VALUES (2,75,2.0);
INSERT INTO `rozpodil` (`musician_id`,`song_id`,`gonorar_chastka`) VALUES (3,75,2.0);
INSERT INTO `rozpodil` (`musician_id`,`song_id`,`gonorar_chastka`) VALUES (4,75,1.0);

INSERT INTO `rozpodil` (`musician_id`,`song_id`,`gonorar_chastka`) VALUES (1,76,2.0);
INSERT INTO `rozpodil` (`musician_id`,`song_id`,`gonorar_chastka`) VALUES (2,76,1.0);
INSERT INTO `rozpodil` (`musician_id`,`song_id`,`gonorar_chastka`) VALUES (3,76,1.0);
INSERT INTO `rozpodil` (`musician_id`,`song_id`,`gonorar_chastka`) VALUES (4,76,1.0);

INSERT INTO `rozpodil` (`musician_id`,`song_id`,`gonorar_chastka`) VALUES (1,77,1.0);
INSERT INTO `rozpodil` (`musician_id`,`song_id`,`gonorar_chastka`) VALUES (2,77,1.0);
INSERT INTO `rozpodil` (`musician_id`,`song_id`,`gonorar_chastka`) VALUES (3,77,1.0);
INSERT INTO `rozpodil` (`musician_id`,`song_id`,`gonorar_chastka`) VALUES (4,77,1.0);

INSERT INTO `rozpodil` (`musician_id`,`song_id`,`gonorar_chastka`) VALUES (1,78,1.0);
INSERT INTO `rozpodil` (`musician_id`,`song_id`,`gonorar_chastka`) VALUES (2,78,1.0);
INSERT INTO `rozpodil` (`musician_id`,`song_id`,`gonorar_chastka`) VALUES (3,78,2.0);
INSERT INTO `rozpodil` (`musician_id`,`song_id`,`gonorar_chastka`) VALUES (4,78,2.0);

INSERT INTO `rozpodil` (`musician_id`,`song_id`,`gonorar_chastka`) VALUES (1,79,1.0);
INSERT INTO `rozpodil` (`musician_id`,`song_id`,`gonorar_chastka`) VALUES (2,79,1.0);
INSERT INTO `rozpodil` (`musician_id`,`song_id`,`gonorar_chastka`) VALUES (3,79,1.0);
INSERT INTO `rozpodil` (`musician_id`,`song_id`,`gonorar_chastka`) VALUES (4,79,1.0);

INSERT INTO `rozpodil` (`musician_id`,`song_id`,`gonorar_chastka`) VALUES (1,80,1.0);
INSERT INTO `rozpodil` (`musician_id`,`song_id`,`gonorar_chastka`) VALUES (2,80,1.0);
INSERT INTO `rozpodil` (`musician_id`,`song_id`,`gonorar_chastka`) VALUES (3,80,1.0);
INSERT INTO `rozpodil` (`musician_id`,`song_id`,`gonorar_chastka`) VALUES (4,80,2.0);

INSERT INTO `rozpodil` (`musician_id`,`song_id`,`gonorar_chastka`) VALUES (1,81,1.0);
INSERT INTO `rozpodil` (`musician_id`,`song_id`,`gonorar_chastka`) VALUES (2,81,1.0);
INSERT INTO `rozpodil` (`musician_id`,`song_id`,`gonorar_chastka`) VALUES (3,81,2.0);
INSERT INTO `rozpodil` (`musician_id`,`song_id`,`gonorar_chastka`) VALUES (4,81,2.0);

INSERT INTO `rozpodil` (`musician_id`,`song_id`,`gonorar_chastka`) VALUES (1,82,1.0);
INSERT INTO `rozpodil` (`musician_id`,`song_id`,`gonorar_chastka`) VALUES (2,82,1.0);
INSERT INTO `rozpodil` (`musician_id`,`song_id`,`gonorar_chastka`) VALUES (3,82,1.0);
INSERT INTO `rozpodil` (`musician_id`,`song_id`,`gonorar_chastka`) VALUES (4,82,1.0);

INSERT INTO `rozpodil` (`musician_id`,`song_id`,`gonorar_chastka`) VALUES (1,83,1.0);
INSERT INTO `rozpodil` (`musician_id`,`song_id`,`gonorar_chastka`) VALUES (2,83,2.0);
INSERT INTO `rozpodil` (`musician_id`,`song_id`,`gonorar_chastka`) VALUES (3,83,1.0);
INSERT INTO `rozpodil` (`musician_id`,`song_id`,`gonorar_chastka`) VALUES (4,83,2.0);

INSERT INTO `rozpodil` (`musician_id`,`song_id`,`gonorar_chastka`) VALUES (1,84,2.0);
INSERT INTO `rozpodil` (`musician_id`,`song_id`,`gonorar_chastka`) VALUES (2,84,2.0);
INSERT INTO `rozpodil` (`musician_id`,`song_id`,`gonorar_chastka`) VALUES (3,84,2.0);
INSERT INTO `rozpodil` (`musician_id`,`song_id`,`gonorar_chastka`) VALUES (4,84,1.0);

INSERT INTO `rozpodil` (`musician_id`,`song_id`,`gonorar_chastka`) VALUES (1,85,2.0);
INSERT INTO `rozpodil` (`musician_id`,`song_id`,`gonorar_chastka`) VALUES (2,85,2.0);
INSERT INTO `rozpodil` (`musician_id`,`song_id`,`gonorar_chastka`) VALUES (3,85,2.0);
INSERT INTO `rozpodil` (`musician_id`,`song_id`,`gonorar_chastka`) VALUES (4,85,2.0);

INSERT INTO `rozpodil` (`musician_id`,`song_id`,`gonorar_chastka`) VALUES (1,86,1.0);
INSERT INTO `rozpodil` (`musician_id`,`song_id`,`gonorar_chastka`) VALUES (2,86,2.0);
INSERT INTO `rozpodil` (`musician_id`,`song_id`,`gonorar_chastka`) VALUES (3,86,2.0);
INSERT INTO `rozpodil` (`musician_id`,`song_id`,`gonorar_chastka`) VALUES (4,86,2.0);

INSERT INTO `rozpodil` (`musician_id`,`song_id`,`gonorar_chastka`) VALUES (1,87,1.0);
INSERT INTO `rozpodil` (`musician_id`,`song_id`,`gonorar_chastka`) VALUES (2,87,2.0);
INSERT INTO `rozpodil` (`musician_id`,`song_id`,`gonorar_chastka`) VALUES (3,87,2.0);
INSERT INTO `rozpodil` (`musician_id`,`song_id`,`gonorar_chastka`) VALUES (4,87,1.0);

INSERT INTO `rozpodil` (`musician_id`,`song_id`,`gonorar_chastka`) VALUES (1,88,2.0);
INSERT INTO `rozpodil` (`musician_id`,`song_id`,`gonorar_chastka`) VALUES (2,88,1.0);
INSERT INTO `rozpodil` (`musician_id`,`song_id`,`gonorar_chastka`) VALUES (3,88,2.0);
INSERT INTO `rozpodil` (`musician_id`,`song_id`,`gonorar_chastka`) VALUES (4,88,2.0);

INSERT INTO `rozpodil` (`musician_id`,`song_id`,`gonorar_chastka`) VALUES (1,89,1.0);
INSERT INTO `rozpodil` (`musician_id`,`song_id`,`gonorar_chastka`) VALUES (2,89,2.0);
INSERT INTO `rozpodil` (`musician_id`,`song_id`,`gonorar_chastka`) VALUES (3,89,1.0);
INSERT INTO `rozpodil` (`musician_id`,`song_id`,`gonorar_chastka`) VALUES (4,89,2.0);

/*
  album 7: Let It Be
*/

INSERT INTO `rozpodil` (`musician_id`,`song_id`,`gonorar_chastka`) VALUES (1,90,2.0);
INSERT INTO `rozpodil` (`musician_id`,`song_id`,`gonorar_chastka`) VALUES (2,90,1.0);
INSERT INTO `rozpodil` (`musician_id`,`song_id`,`gonorar_chastka`) VALUES (3,90,1.0);
INSERT INTO `rozpodil` (`musician_id`,`song_id`,`gonorar_chastka`) VALUES (4,90,1.0);

INSERT INTO `rozpodil` (`musician_id`,`song_id`,`gonorar_chastka`) VALUES (1,91,1.0);
INSERT INTO `rozpodil` (`musician_id`,`song_id`,`gonorar_chastka`) VALUES (2,91,2.0);
INSERT INTO `rozpodil` (`musician_id`,`song_id`,`gonorar_chastka`) VALUES (3,91,2.0);
INSERT INTO `rozpodil` (`musician_id`,`song_id`,`gonorar_chastka`) VALUES (4,91,1.0);

INSERT INTO `rozpodil` (`musician_id`,`song_id`,`gonorar_chastka`) VALUES (1,92,2.0);
INSERT INTO `rozpodil` (`musician_id`,`song_id`,`gonorar_chastka`) VALUES (2,92,1.0);
INSERT INTO `rozpodil` (`musician_id`,`song_id`,`gonorar_chastka`) VALUES (3,92,1.0);
INSERT INTO `rozpodil` (`musician_id`,`song_id`,`gonorar_chastka`) VALUES (4,92,2.0);

INSERT INTO `rozpodil` (`musician_id`,`song_id`,`gonorar_chastka`) VALUES (1,93,2.0);
INSERT INTO `rozpodil` (`musician_id`,`song_id`,`gonorar_chastka`) VALUES (2,93,1.0);
INSERT INTO `rozpodil` (`musician_id`,`song_id`,`gonorar_chastka`) VALUES (3,93,2.0);
INSERT INTO `rozpodil` (`musician_id`,`song_id`,`gonorar_chastka`) VALUES (4,93,1.0);

INSERT INTO `rozpodil` (`musician_id`,`song_id`,`gonorar_chastka`) VALUES (1,94,1.0);
INSERT INTO `rozpodil` (`musician_id`,`song_id`,`gonorar_chastka`) VALUES (2,94,2.0);
INSERT INTO `rozpodil` (`musician_id`,`song_id`,`gonorar_chastka`) VALUES (3,94,1.0);
INSERT INTO `rozpodil` (`musician_id`,`song_id`,`gonorar_chastka`) VALUES (4,94,2.0);

INSERT INTO `rozpodil` (`musician_id`,`song_id`,`gonorar_chastka`) VALUES (1,95,1.0);
INSERT INTO `rozpodil` (`musician_id`,`song_id`,`gonorar_chastka`) VALUES (2,95,3.0);
INSERT INTO `rozpodil` (`musician_id`,`song_id`,`gonorar_chastka`) VALUES (3,95,2.0);
INSERT INTO `rozpodil` (`musician_id`,`song_id`,`gonorar_chastka`) VALUES (4,95,3.0);

INSERT INTO `rozpodil` (`musician_id`,`song_id`,`gonorar_chastka`) VALUES (1,96,3.0);
INSERT INTO `rozpodil` (`musician_id`,`song_id`,`gonorar_chastka`) VALUES (2,96,2.0);
INSERT INTO `rozpodil` (`musician_id`,`song_id`,`gonorar_chastka`) VALUES (3,96,1.0);
INSERT INTO `rozpodil` (`musician_id`,`song_id`,`gonorar_chastka`) VALUES (4,96,1.0);

INSERT INTO `rozpodil` (`musician_id`,`song_id`,`gonorar_chastka`) VALUES (1,97,2.0);
INSERT INTO `rozpodil` (`musician_id`,`song_id`,`gonorar_chastka`) VALUES (2,97,1.0);
INSERT INTO `rozpodil` (`musician_id`,`song_id`,`gonorar_chastka`) VALUES (3,97,3.0);
INSERT INTO `rozpodil` (`musician_id`,`song_id`,`gonorar_chastka`) VALUES (4,97,1.0);

INSERT INTO `rozpodil` (`musician_id`,`song_id`,`gonorar_chastka`) VALUES (1,98,3.0);
INSERT INTO `rozpodil` (`musician_id`,`song_id`,`gonorar_chastka`) VALUES (2,98,3.0);
INSERT INTO `rozpodil` (`musician_id`,`song_id`,`gonorar_chastka`) VALUES (3,98,3.0);
INSERT INTO `rozpodil` (`musician_id`,`song_id`,`gonorar_chastka`) VALUES (4,98,2.0);

INSERT INTO `rozpodil` (`musician_id`,`song_id`,`gonorar_chastka`) VALUES (1,99,3.0);
INSERT INTO `rozpodil` (`musician_id`,`song_id`,`gonorar_chastka`) VALUES (2,99,3.0);
INSERT INTO `rozpodil` (`musician_id`,`song_id`,`gonorar_chastka`) VALUES (3,99,3.0);
INSERT INTO `rozpodil` (`musician_id`,`song_id`,`gonorar_chastka`) VALUES (4,99,3.0);

INSERT INTO `rozpodil` (`musician_id`,`song_id`,`gonorar_chastka`) VALUES (1,100,3.0);
INSERT INTO `rozpodil` (`musician_id`,`song_id`,`gonorar_chastka`) VALUES (2,100,4.0);
INSERT INTO `rozpodil` (`musician_id`,`song_id`,`gonorar_chastka`) VALUES (3,100,4.0);
INSERT INTO `rozpodil` (`musician_id`,`song_id`,`gonorar_chastka`) VALUES (4,100,4.0);

INSERT INTO `rozpodil` (`musician_id`,`song_id`,`gonorar_chastka`) VALUES (1,101,2.0);
INSERT INTO `rozpodil` (`musician_id`,`song_id`,`gonorar_chastka`) VALUES (2,101,3.0);
INSERT INTO `rozpodil` (`musician_id`,`song_id`,`gonorar_chastka`) VALUES (3,101,3.0);
INSERT INTO `rozpodil` (`musician_id`,`song_id`,`gonorar_chastka`) VALUES (4,101,2.0);

/*
  album 8: Portrait of an American Family
*/

INSERT INTO `rozpodil` (`musician_id`,`song_id`,`gonorar_chastka`) VALUES (5,102,2.0);
INSERT INTO `rozpodil` (`musician_id`,`song_id`,`gonorar_chastka`) VALUES (6,102,1.0);
INSERT INTO `rozpodil` (`musician_id`,`song_id`,`gonorar_chastka`) VALUES (7,102,1.0);
INSERT INTO `rozpodil` (`musician_id`,`song_id`,`gonorar_chastka`) VALUES (8,102,1.0);
INSERT INTO `rozpodil` (`musician_id`,`song_id`,`gonorar_chastka`) VALUES (9,102,1.0);
INSERT INTO `rozpodil` (`musician_id`,`song_id`,`gonorar_chastka`) VALUES (10,102,1.0);

INSERT INTO `rozpodil` (`musician_id`,`song_id`,`gonorar_chastka`) VALUES (5,103,2.0);
INSERT INTO `rozpodil` (`musician_id`,`song_id`,`gonorar_chastka`) VALUES (6,103,2.0);
INSERT INTO `rozpodil` (`musician_id`,`song_id`,`gonorar_chastka`) VALUES (7,103,1.0);
INSERT INTO `rozpodil` (`musician_id`,`song_id`,`gonorar_chastka`) VALUES (8,103,1.0);
INSERT INTO `rozpodil` (`musician_id`,`song_id`,`gonorar_chastka`) VALUES (9,103,1.0);
INSERT INTO `rozpodil` (`musician_id`,`song_id`,`gonorar_chastka`) VALUES (10,103,1.0);

INSERT INTO `rozpodil` (`musician_id`,`song_id`,`gonorar_chastka`) VALUES (5,104,2.0);
INSERT INTO `rozpodil` (`musician_id`,`song_id`,`gonorar_chastka`) VALUES (6,104,2.0);
INSERT INTO `rozpodil` (`musician_id`,`song_id`,`gonorar_chastka`) VALUES (7,104,1.0);
INSERT INTO `rozpodil` (`musician_id`,`song_id`,`gonorar_chastka`) VALUES (8,104,1.0);
INSERT INTO `rozpodil` (`musician_id`,`song_id`,`gonorar_chastka`) VALUES (9,104,1.0);
INSERT INTO `rozpodil` (`musician_id`,`song_id`,`gonorar_chastka`) VALUES (10,104,1.0);

INSERT INTO `rozpodil` (`musician_id`,`song_id`,`gonorar_chastka`) VALUES (5,105,2.0);
INSERT INTO `rozpodil` (`musician_id`,`song_id`,`gonorar_chastka`) VALUES (6,105,1.0);
INSERT INTO `rozpodil` (`musician_id`,`song_id`,`gonorar_chastka`) VALUES (7,105,1.0);
INSERT INTO `rozpodil` (`musician_id`,`song_id`,`gonorar_chastka`) VALUES (8,105,1.0);
INSERT INTO `rozpodil` (`musician_id`,`song_id`,`gonorar_chastka`) VALUES (9,105,2.0);
INSERT INTO `rozpodil` (`musician_id`,`song_id`,`gonorar_chastka`) VALUES (10,105,1.0);

INSERT INTO `rozpodil` (`musician_id`,`song_id`,`gonorar_chastka`) VALUES (5,106,2.0);
INSERT INTO `rozpodil` (`musician_id`,`song_id`,`gonorar_chastka`) VALUES (6,106,2.0);
INSERT INTO `rozpodil` (`musician_id`,`song_id`,`gonorar_chastka`) VALUES (7,106,1.0);
INSERT INTO `rozpodil` (`musician_id`,`song_id`,`gonorar_chastka`) VALUES (8,106,1.0);
INSERT INTO `rozpodil` (`musician_id`,`song_id`,`gonorar_chastka`) VALUES (9,106,1.0);
INSERT INTO `rozpodil` (`musician_id`,`song_id`,`gonorar_chastka`) VALUES (10,106,1.0);

INSERT INTO `rozpodil` (`musician_id`,`song_id`,`gonorar_chastka`) VALUES (5,107,2.0);
INSERT INTO `rozpodil` (`musician_id`,`song_id`,`gonorar_chastka`) VALUES (6,107,1.0);
INSERT INTO `rozpodil` (`musician_id`,`song_id`,`gonorar_chastka`) VALUES (7,107,1.0);
INSERT INTO `rozpodil` (`musician_id`,`song_id`,`gonorar_chastka`) VALUES (8,107,1.0);
INSERT INTO `rozpodil` (`musician_id`,`song_id`,`gonorar_chastka`) VALUES (9,107,1.0);
INSERT INTO `rozpodil` (`musician_id`,`song_id`,`gonorar_chastka`) VALUES (10,107,1.0);

INSERT INTO `rozpodil` (`musician_id`,`song_id`,`gonorar_chastka`) VALUES (5,108,2.0);
INSERT INTO `rozpodil` (`musician_id`,`song_id`,`gonorar_chastka`) VALUES (6,108,1.0);
INSERT INTO `rozpodil` (`musician_id`,`song_id`,`gonorar_chastka`) VALUES (7,108,1.0);
INSERT INTO `rozpodil` (`musician_id`,`song_id`,`gonorar_chastka`) VALUES (8,108,1.0);
INSERT INTO `rozpodil` (`musician_id`,`song_id`,`gonorar_chastka`) VALUES (9,108,1.0);
INSERT INTO `rozpodil` (`musician_id`,`song_id`,`gonorar_chastka`) VALUES (10,108,1.0);

INSERT INTO `rozpodil` (`musician_id`,`song_id`,`gonorar_chastka`) VALUES (5,109,2.0);
INSERT INTO `rozpodil` (`musician_id`,`song_id`,`gonorar_chastka`) VALUES (6,109,2.0);
INSERT INTO `rozpodil` (`musician_id`,`song_id`,`gonorar_chastka`) VALUES (7,109,1.0);
INSERT INTO `rozpodil` (`musician_id`,`song_id`,`gonorar_chastka`) VALUES (8,109,1.0);
INSERT INTO `rozpodil` (`musician_id`,`song_id`,`gonorar_chastka`) VALUES (9,109,1.0);
INSERT INTO `rozpodil` (`musician_id`,`song_id`,`gonorar_chastka`) VALUES (10,109,1.0);

INSERT INTO `rozpodil` (`musician_id`,`song_id`,`gonorar_chastka`) VALUES (5,110,2.0);
INSERT INTO `rozpodil` (`musician_id`,`song_id`,`gonorar_chastka`) VALUES (6,110,2.0);
INSERT INTO `rozpodil` (`musician_id`,`song_id`,`gonorar_chastka`) VALUES (7,110,1.0);
INSERT INTO `rozpodil` (`musician_id`,`song_id`,`gonorar_chastka`) VALUES (8,110,1.0);
INSERT INTO `rozpodil` (`musician_id`,`song_id`,`gonorar_chastka`) VALUES (9,110,1.0);
INSERT INTO `rozpodil` (`musician_id`,`song_id`,`gonorar_chastka`) VALUES (10,110,1.0);

INSERT INTO `rozpodil` (`musician_id`,`song_id`,`gonorar_chastka`) VALUES (5,111,2.0);
INSERT INTO `rozpodil` (`musician_id`,`song_id`,`gonorar_chastka`) VALUES (6,111,1.0);
INSERT INTO `rozpodil` (`musician_id`,`song_id`,`gonorar_chastka`) VALUES (7,111,1.0);
INSERT INTO `rozpodil` (`musician_id`,`song_id`,`gonorar_chastka`) VALUES (8,111,1.0);
INSERT INTO `rozpodil` (`musician_id`,`song_id`,`gonorar_chastka`) VALUES (9,111,1.0);
INSERT INTO `rozpodil` (`musician_id`,`song_id`,`gonorar_chastka`) VALUES (10,111,1.0);

INSERT INTO `rozpodil` (`musician_id`,`song_id`,`gonorar_chastka`) VALUES (5,112,2.0);
INSERT INTO `rozpodil` (`musician_id`,`song_id`,`gonorar_chastka`) VALUES (6,112,1.0);
INSERT INTO `rozpodil` (`musician_id`,`song_id`,`gonorar_chastka`) VALUES (7,112,1.0);
INSERT INTO `rozpodil` (`musician_id`,`song_id`,`gonorar_chastka`) VALUES (8,112,1.0);
INSERT INTO `rozpodil` (`musician_id`,`song_id`,`gonorar_chastka`) VALUES (9,112,2.0);
INSERT INTO `rozpodil` (`musician_id`,`song_id`,`gonorar_chastka`) VALUES (10,112,1.0);

INSERT INTO `rozpodil` (`musician_id`,`song_id`,`gonorar_chastka`) VALUES (5,113,2.0);
INSERT INTO `rozpodil` (`musician_id`,`song_id`,`gonorar_chastka`) VALUES (6,113,2.0);
INSERT INTO `rozpodil` (`musician_id`,`song_id`,`gonorar_chastka`) VALUES (7,113,1.0);
INSERT INTO `rozpodil` (`musician_id`,`song_id`,`gonorar_chastka`) VALUES (8,113,1.0);
INSERT INTO `rozpodil` (`musician_id`,`song_id`,`gonorar_chastka`) VALUES (9,113,1.0);
INSERT INTO `rozpodil` (`musician_id`,`song_id`,`gonorar_chastka`) VALUES (10,113,1.0);

INSERT INTO `rozpodil` (`musician_id`,`song_id`,`gonorar_chastka`) VALUES (5,114,2.0);
INSERT INTO `rozpodil` (`musician_id`,`song_id`,`gonorar_chastka`) VALUES (6,114,1.0);
INSERT INTO `rozpodil` (`musician_id`,`song_id`,`gonorar_chastka`) VALUES (7,114,1.0);
INSERT INTO `rozpodil` (`musician_id`,`song_id`,`gonorar_chastka`) VALUES (8,114,1.0);
INSERT INTO `rozpodil` (`musician_id`,`song_id`,`gonorar_chastka`) VALUES (9,114,2.0);
INSERT INTO `rozpodil` (`musician_id`,`song_id`,`gonorar_chastka`) VALUES (10,114,1.0);

/*
  album 9: Antichrist Superstar
*/

INSERT INTO `rozpodil` (`musician_id`,`song_id`,`gonorar_chastka`) VALUES (5,115,1.6);
INSERT INTO `rozpodil` (`musician_id`,`song_id`,`gonorar_chastka`) VALUES (6,115,0.8);
INSERT INTO `rozpodil` (`musician_id`,`song_id`,`gonorar_chastka`) VALUES (7,115,1.6);
INSERT INTO `rozpodil` (`musician_id`,`song_id`,`gonorar_chastka`) VALUES (9,115,0.8);
INSERT INTO `rozpodil` (`musician_id`,`song_id`,`gonorar_chastka`) VALUES (10,115,0.8);
INSERT INTO `rozpodil` (`musician_id`,`song_id`,`gonorar_chastka`) VALUES (11,115,0.8);

INSERT INTO `rozpodil` (`musician_id`,`song_id`,`gonorar_chastka`) VALUES (5,116,1.6);
INSERT INTO `rozpodil` (`musician_id`,`song_id`,`gonorar_chastka`) VALUES (6,116,0.8);
INSERT INTO `rozpodil` (`musician_id`,`song_id`,`gonorar_chastka`) VALUES (7,116,0.8);
INSERT INTO `rozpodil` (`musician_id`,`song_id`,`gonorar_chastka`) VALUES (9,116,0.8);
INSERT INTO `rozpodil` (`musician_id`,`song_id`,`gonorar_chastka`) VALUES (10,116,1.6);
INSERT INTO `rozpodil` (`musician_id`,`song_id`,`gonorar_chastka`) VALUES (11,116,0.8);

INSERT INTO `rozpodil` (`musician_id`,`song_id`,`gonorar_chastka`) VALUES (5,117,1.6);
INSERT INTO `rozpodil` (`musician_id`,`song_id`,`gonorar_chastka`) VALUES (6,117,0.8);
INSERT INTO `rozpodil` (`musician_id`,`song_id`,`gonorar_chastka`) VALUES (7,117,0.8);
INSERT INTO `rozpodil` (`musician_id`,`song_id`,`gonorar_chastka`) VALUES (9,117,0.8);
INSERT INTO `rozpodil` (`musician_id`,`song_id`,`gonorar_chastka`) VALUES (10,117,1.6);
INSERT INTO `rozpodil` (`musician_id`,`song_id`,`gonorar_chastka`) VALUES (11,117,0.8);

INSERT INTO `rozpodil` (`musician_id`,`song_id`,`gonorar_chastka`) VALUES (5,118,1.6);
INSERT INTO `rozpodil` (`musician_id`,`song_id`,`gonorar_chastka`) VALUES (6,118,1.6);
INSERT INTO `rozpodil` (`musician_id`,`song_id`,`gonorar_chastka`) VALUES (7,118,0.8);
INSERT INTO `rozpodil` (`musician_id`,`song_id`,`gonorar_chastka`) VALUES (9,118,0.8);
INSERT INTO `rozpodil` (`musician_id`,`song_id`,`gonorar_chastka`) VALUES (10,118,0.8);
INSERT INTO `rozpodil` (`musician_id`,`song_id`,`gonorar_chastka`) VALUES (11,118,0.8);

INSERT INTO `rozpodil` (`musician_id`,`song_id`,`gonorar_chastka`) VALUES (5,119,1.6);
INSERT INTO `rozpodil` (`musician_id`,`song_id`,`gonorar_chastka`) VALUES (6,119,0.8);
INSERT INTO `rozpodil` (`musician_id`,`song_id`,`gonorar_chastka`) VALUES (7,119,0.8);
INSERT INTO `rozpodil` (`musician_id`,`song_id`,`gonorar_chastka`) VALUES (9,119,0.8);
INSERT INTO `rozpodil` (`musician_id`,`song_id`,`gonorar_chastka`) VALUES (10,119,1.6);
INSERT INTO `rozpodil` (`musician_id`,`song_id`,`gonorar_chastka`) VALUES (11,119,0.8);

INSERT INTO `rozpodil` (`musician_id`,`song_id`,`gonorar_chastka`) VALUES (5,120,1.6);
INSERT INTO `rozpodil` (`musician_id`,`song_id`,`gonorar_chastka`) VALUES (6,120,0.8);
INSERT INTO `rozpodil` (`musician_id`,`song_id`,`gonorar_chastka`) VALUES (7,120,1.6);
INSERT INTO `rozpodil` (`musician_id`,`song_id`,`gonorar_chastka`) VALUES (9,120,0.8);
INSERT INTO `rozpodil` (`musician_id`,`song_id`,`gonorar_chastka`) VALUES (10,120,0.8);
INSERT INTO `rozpodil` (`musician_id`,`song_id`,`gonorar_chastka`) VALUES (11,120,0.8);

INSERT INTO `rozpodil` (`musician_id`,`song_id`,`gonorar_chastka`) VALUES (5,121,1.6);
INSERT INTO `rozpodil` (`musician_id`,`song_id`,`gonorar_chastka`) VALUES (6,121,0.8);
INSERT INTO `rozpodil` (`musician_id`,`song_id`,`gonorar_chastka`) VALUES (7,121,0.8);
INSERT INTO `rozpodil` (`musician_id`,`song_id`,`gonorar_chastka`) VALUES (9,121,0.8);
INSERT INTO `rozpodil` (`musician_id`,`song_id`,`gonorar_chastka`) VALUES (10,121,1.6);
INSERT INTO `rozpodil` (`musician_id`,`song_id`,`gonorar_chastka`) VALUES (11,121,0.8);

INSERT INTO `rozpodil` (`musician_id`,`song_id`,`gonorar_chastka`) VALUES (5,122,1.6);
INSERT INTO `rozpodil` (`musician_id`,`song_id`,`gonorar_chastka`) VALUES (6,122,1.6);
INSERT INTO `rozpodil` (`musician_id`,`song_id`,`gonorar_chastka`) VALUES (7,122,0.8);
INSERT INTO `rozpodil` (`musician_id`,`song_id`,`gonorar_chastka`) VALUES (9,122,0.8);
INSERT INTO `rozpodil` (`musician_id`,`song_id`,`gonorar_chastka`) VALUES (10,122,0.8);
INSERT INTO `rozpodil` (`musician_id`,`song_id`,`gonorar_chastka`) VALUES (11,122,0.8);

INSERT INTO `rozpodil` (`musician_id`,`song_id`,`gonorar_chastka`) VALUES (5,123,1.6);
INSERT INTO `rozpodil` (`musician_id`,`song_id`,`gonorar_chastka`) VALUES (6,123,0.8);
INSERT INTO `rozpodil` (`musician_id`,`song_id`,`gonorar_chastka`) VALUES (7,123,0.8);
INSERT INTO `rozpodil` (`musician_id`,`song_id`,`gonorar_chastka`) VALUES (9,123,0.8);
INSERT INTO `rozpodil` (`musician_id`,`song_id`,`gonorar_chastka`) VALUES (10,123,1.6);
INSERT INTO `rozpodil` (`musician_id`,`song_id`,`gonorar_chastka`) VALUES (11,123,0.8);

INSERT INTO `rozpodil` (`musician_id`,`song_id`,`gonorar_chastka`) VALUES (5,124,1.6);
INSERT INTO `rozpodil` (`musician_id`,`song_id`,`gonorar_chastka`) VALUES (6,124,0.8);
INSERT INTO `rozpodil` (`musician_id`,`song_id`,`gonorar_chastka`) VALUES (7,124,0.8);
INSERT INTO `rozpodil` (`musician_id`,`song_id`,`gonorar_chastka`) VALUES (9,124,0.8);
INSERT INTO `rozpodil` (`musician_id`,`song_id`,`gonorar_chastka`) VALUES (10,124,0.8);
INSERT INTO `rozpodil` (`musician_id`,`song_id`,`gonorar_chastka`) VALUES (11,124,0.8);

INSERT INTO `rozpodil` (`musician_id`,`song_id`,`gonorar_chastka`) VALUES (5,125,1.6);
INSERT INTO `rozpodil` (`musician_id`,`song_id`,`gonorar_chastka`) VALUES (6,125,0.8);
INSERT INTO `rozpodil` (`musician_id`,`song_id`,`gonorar_chastka`) VALUES (7,125,0.8);
INSERT INTO `rozpodil` (`musician_id`,`song_id`,`gonorar_chastka`) VALUES (9,125,0.8);
INSERT INTO `rozpodil` (`musician_id`,`song_id`,`gonorar_chastka`) VALUES (10,125,1.6);
INSERT INTO `rozpodil` (`musician_id`,`song_id`,`gonorar_chastka`) VALUES (11,125,0.8);

INSERT INTO `rozpodil` (`musician_id`,`song_id`,`gonorar_chastka`) VALUES (5,126,1.6);
INSERT INTO `rozpodil` (`musician_id`,`song_id`,`gonorar_chastka`) VALUES (6,126,0.8);
INSERT INTO `rozpodil` (`musician_id`,`song_id`,`gonorar_chastka`) VALUES (7,126,0.8);
INSERT INTO `rozpodil` (`musician_id`,`song_id`,`gonorar_chastka`) VALUES (9,126,0.8);
INSERT INTO `rozpodil` (`musician_id`,`song_id`,`gonorar_chastka`) VALUES (10,126,1.6);
INSERT INTO `rozpodil` (`musician_id`,`song_id`,`gonorar_chastka`) VALUES (11,126,0.8);

INSERT INTO `rozpodil` (`musician_id`,`song_id`,`gonorar_chastka`) VALUES (5,127,1.6);
INSERT INTO `rozpodil` (`musician_id`,`song_id`,`gonorar_chastka`) VALUES (6,127,0.8);
INSERT INTO `rozpodil` (`musician_id`,`song_id`,`gonorar_chastka`) VALUES (7,127,0.8);
INSERT INTO `rozpodil` (`musician_id`,`song_id`,`gonorar_chastka`) VALUES (9,127,0.8);
INSERT INTO `rozpodil` (`musician_id`,`song_id`,`gonorar_chastka`) VALUES (10,127,1.6);
INSERT INTO `rozpodil` (`musician_id`,`song_id`,`gonorar_chastka`) VALUES (11,127,0.8);

INSERT INTO `rozpodil` (`musician_id`,`song_id`,`gonorar_chastka`) VALUES (5,128,1.6);
INSERT INTO `rozpodil` (`musician_id`,`song_id`,`gonorar_chastka`) VALUES (6,128,0.8);
INSERT INTO `rozpodil` (`musician_id`,`song_id`,`gonorar_chastka`) VALUES (7,128,0.8);
INSERT INTO `rozpodil` (`musician_id`,`song_id`,`gonorar_chastka`) VALUES (9,128,0.8);
INSERT INTO `rozpodil` (`musician_id`,`song_id`,`gonorar_chastka`) VALUES (10,128,0.8);
INSERT INTO `rozpodil` (`musician_id`,`song_id`,`gonorar_chastka`) VALUES (11,128,0.8);

INSERT INTO `rozpodil` (`musician_id`,`song_id`,`gonorar_chastka`) VALUES (5,129,1.6);
INSERT INTO `rozpodil` (`musician_id`,`song_id`,`gonorar_chastka`) VALUES (6,129,0.8);
INSERT INTO `rozpodil` (`musician_id`,`song_id`,`gonorar_chastka`) VALUES (7,129,0.8);
INSERT INTO `rozpodil` (`musician_id`,`song_id`,`gonorar_chastka`) VALUES (9,129,0.8);
INSERT INTO `rozpodil` (`musician_id`,`song_id`,`gonorar_chastka`) VALUES (10,129,1.6);
INSERT INTO `rozpodil` (`musician_id`,`song_id`,`gonorar_chastka`) VALUES (11,129,0.8);

INSERT INTO `rozpodil` (`musician_id`,`song_id`,`gonorar_chastka`) VALUES (5,130,1.6);
INSERT INTO `rozpodil` (`musician_id`,`song_id`,`gonorar_chastka`) VALUES (6,130,0.8);
INSERT INTO `rozpodil` (`musician_id`,`song_id`,`gonorar_chastka`) VALUES (7,130,0.8);
INSERT INTO `rozpodil` (`musician_id`,`song_id`,`gonorar_chastka`) VALUES (9,130,0.8);
INSERT INTO `rozpodil` (`musician_id`,`song_id`,`gonorar_chastka`) VALUES (10,130,0.8);
INSERT INTO `rozpodil` (`musician_id`,`song_id`,`gonorar_chastka`) VALUES (11,130,0.8);

/*
  album 10: Mechanical Animals
*/

INSERT INTO `rozpodil` (`musician_id`,`song_id`,`gonorar_chastka`) VALUES (5,131,1.6);
INSERT INTO `rozpodil` (`musician_id`,`song_id`,`gonorar_chastka`) VALUES (7,131,1.6);
INSERT INTO `rozpodil` (`musician_id`,`song_id`,`gonorar_chastka`) VALUES (10,131,1.6);
INSERT INTO `rozpodil` (`musician_id`,`song_id`,`gonorar_chastka`) VALUES (11,131,0.8);
INSERT INTO `rozpodil` (`musician_id`,`song_id`,`gonorar_chastka`) VALUES (12,131,1.6);

INSERT INTO `rozpodil` (`musician_id`,`song_id`,`gonorar_chastka`) VALUES (5,132,1.6);
INSERT INTO `rozpodil` (`musician_id`,`song_id`,`gonorar_chastka`) VALUES (7,132,0.8);
INSERT INTO `rozpodil` (`musician_id`,`song_id`,`gonorar_chastka`) VALUES (10,132,1.6);
INSERT INTO `rozpodil` (`musician_id`,`song_id`,`gonorar_chastka`) VALUES (11,132,0.8);
INSERT INTO `rozpodil` (`musician_id`,`song_id`,`gonorar_chastka`) VALUES (12,132,0.8);

INSERT INTO `rozpodil` (`musician_id`,`song_id`,`gonorar_chastka`) VALUES (5,133,1.6);
INSERT INTO `rozpodil` (`musician_id`,`song_id`,`gonorar_chastka`) VALUES (7,133,0.8);
INSERT INTO `rozpodil` (`musician_id`,`song_id`,`gonorar_chastka`) VALUES (10,133,1.6);
INSERT INTO `rozpodil` (`musician_id`,`song_id`,`gonorar_chastka`) VALUES (11,133,0.8);
INSERT INTO `rozpodil` (`musician_id`,`song_id`,`gonorar_chastka`) VALUES (12,133,1.6);

INSERT INTO `rozpodil` (`musician_id`,`song_id`,`gonorar_chastka`) VALUES (5,134,2.4);
INSERT INTO `rozpodil` (`musician_id`,`song_id`,`gonorar_chastka`) VALUES (7,134,2.4);
INSERT INTO `rozpodil` (`musician_id`,`song_id`,`gonorar_chastka`) VALUES (10,134,2.4);
INSERT INTO `rozpodil` (`musician_id`,`song_id`,`gonorar_chastka`) VALUES (11,134,2.4);
INSERT INTO `rozpodil` (`musician_id`,`song_id`,`gonorar_chastka`) VALUES (12,134,2.4);

INSERT INTO `rozpodil` (`musician_id`,`song_id`,`gonorar_chastka`) VALUES (5,135,1.6);
INSERT INTO `rozpodil` (`musician_id`,`song_id`,`gonorar_chastka`) VALUES (7,135,1.6);
INSERT INTO `rozpodil` (`musician_id`,`song_id`,`gonorar_chastka`) VALUES (10,135,1.6);
INSERT INTO `rozpodil` (`musician_id`,`song_id`,`gonorar_chastka`) VALUES (11,135,0.8);
INSERT INTO `rozpodil` (`musician_id`,`song_id`,`gonorar_chastka`) VALUES (12,135,1.6);

INSERT INTO `rozpodil` (`musician_id`,`song_id`,`gonorar_chastka`) VALUES (5,136,1.6);
INSERT INTO `rozpodil` (`musician_id`,`song_id`,`gonorar_chastka`) VALUES (7,136,1.6);
INSERT INTO `rozpodil` (`musician_id`,`song_id`,`gonorar_chastka`) VALUES (10,136,1.6);
INSERT INTO `rozpodil` (`musician_id`,`song_id`,`gonorar_chastka`) VALUES (11,136,1.6);
INSERT INTO `rozpodil` (`musician_id`,`song_id`,`gonorar_chastka`) VALUES (12,136,1.6);

INSERT INTO `rozpodil` (`musician_id`,`song_id`,`gonorar_chastka`) VALUES (5,137,1.6);
INSERT INTO `rozpodil` (`musician_id`,`song_id`,`gonorar_chastka`) VALUES (7,137,1.6);
INSERT INTO `rozpodil` (`musician_id`,`song_id`,`gonorar_chastka`) VALUES (10,137,1.6);
INSERT INTO `rozpodil` (`musician_id`,`song_id`,`gonorar_chastka`) VALUES (11,137,0.8);
INSERT INTO `rozpodil` (`musician_id`,`song_id`,`gonorar_chastka`) VALUES (12,137,0.8);

INSERT INTO `rozpodil` (`musician_id`,`song_id`,`gonorar_chastka`) VALUES (5,138,1.6);
INSERT INTO `rozpodil` (`musician_id`,`song_id`,`gonorar_chastka`) VALUES (7,138,0.8);
INSERT INTO `rozpodil` (`musician_id`,`song_id`,`gonorar_chastka`) VALUES (10,138,1.6);
INSERT INTO `rozpodil` (`musician_id`,`song_id`,`gonorar_chastka`) VALUES (11,138,0.8);
INSERT INTO `rozpodil` (`musician_id`,`song_id`,`gonorar_chastka`) VALUES (12,138,0.8);

INSERT INTO `rozpodil` (`musician_id`,`song_id`,`gonorar_chastka`) VALUES (5,139,1.6);
INSERT INTO `rozpodil` (`musician_id`,`song_id`,`gonorar_chastka`) VALUES (7,139,0.8);
INSERT INTO `rozpodil` (`musician_id`,`song_id`,`gonorar_chastka`) VALUES (10,139,1.6);
INSERT INTO `rozpodil` (`musician_id`,`song_id`,`gonorar_chastka`) VALUES (11,139,0.8);
INSERT INTO `rozpodil` (`musician_id`,`song_id`,`gonorar_chastka`) VALUES (12,139,1.6);

INSERT INTO `rozpodil` (`musician_id`,`song_id`,`gonorar_chastka`) VALUES (5,140,2.4);
INSERT INTO `rozpodil` (`musician_id`,`song_id`,`gonorar_chastka`) VALUES (7,140,0.8);
INSERT INTO `rozpodil` (`musician_id`,`song_id`,`gonorar_chastka`) VALUES (10,140,1.6);
INSERT INTO `rozpodil` (`musician_id`,`song_id`,`gonorar_chastka`) VALUES (11,140,0.8);
INSERT INTO `rozpodil` (`musician_id`,`song_id`,`gonorar_chastka`) VALUES (12,140,0.8);

INSERT INTO `rozpodil` (`musician_id`,`song_id`,`gonorar_chastka`) VALUES (5,141,1.6);
INSERT INTO `rozpodil` (`musician_id`,`song_id`,`gonorar_chastka`) VALUES (7,141,1.6);
INSERT INTO `rozpodil` (`musician_id`,`song_id`,`gonorar_chastka`) VALUES (10,141,1.6);
INSERT INTO `rozpodil` (`musician_id`,`song_id`,`gonorar_chastka`) VALUES (11,141,0.8);
INSERT INTO `rozpodil` (`musician_id`,`song_id`,`gonorar_chastka`) VALUES (12,141,1.6);

INSERT INTO `rozpodil` (`musician_id`,`song_id`,`gonorar_chastka`) VALUES (5,142,1.6);
INSERT INTO `rozpodil` (`musician_id`,`song_id`,`gonorar_chastka`) VALUES (7,142,1.6);
INSERT INTO `rozpodil` (`musician_id`,`song_id`,`gonorar_chastka`) VALUES (10,142,0.8);
INSERT INTO `rozpodil` (`musician_id`,`song_id`,`gonorar_chastka`) VALUES (11,142,0.8);
INSERT INTO `rozpodil` (`musician_id`,`song_id`,`gonorar_chastka`) VALUES (12,142,1.6);

INSERT INTO `rozpodil` (`musician_id`,`song_id`,`gonorar_chastka`) VALUES (5,143,2.4);
INSERT INTO `rozpodil` (`musician_id`,`song_id`,`gonorar_chastka`) VALUES (7,143,1.6);
INSERT INTO `rozpodil` (`musician_id`,`song_id`,`gonorar_chastka`) VALUES (10,143,1.6);
INSERT INTO `rozpodil` (`musician_id`,`song_id`,`gonorar_chastka`) VALUES (11,143,0.8);
INSERT INTO `rozpodil` (`musician_id`,`song_id`,`gonorar_chastka`) VALUES (12,143,0.8);

INSERT INTO `rozpodil` (`musician_id`,`song_id`,`gonorar_chastka`) VALUES (5,144,2.4);
INSERT INTO `rozpodil` (`musician_id`,`song_id`,`gonorar_chastka`) VALUES (7,144,1.6);
INSERT INTO `rozpodil` (`musician_id`,`song_id`,`gonorar_chastka`) VALUES (10,144,1.6);
INSERT INTO `rozpodil` (`musician_id`,`song_id`,`gonorar_chastka`) VALUES (11,144,0.8);
INSERT INTO `rozpodil` (`musician_id`,`song_id`,`gonorar_chastka`) VALUES (12,144,1.6);

/*
  album 11: Holy Wood
*/

INSERT INTO `rozpodil` (`musician_id`,`song_id`,`gonorar_chastka`) VALUES (5,145,3.75);
INSERT INTO `rozpodil` (`musician_id`,`song_id`,`gonorar_chastka`) VALUES (7,145,1.25);
INSERT INTO `rozpodil` (`musician_id`,`song_id`,`gonorar_chastka`) VALUES (10,145,1.25);
INSERT INTO `rozpodil` (`musician_id`,`song_id`,`gonorar_chastka`) VALUES (11,145,1.25);
INSERT INTO `rozpodil` (`musician_id`,`song_id`,`gonorar_chastka`) VALUES (13,145,1.25);

INSERT INTO `rozpodil` (`musician_id`,`song_id`,`gonorar_chastka`) VALUES (5,146,2.5);
INSERT INTO `rozpodil` (`musician_id`,`song_id`,`gonorar_chastka`) VALUES (7,146,1.25);
INSERT INTO `rozpodil` (`musician_id`,`song_id`,`gonorar_chastka`) VALUES (10,146,2.5);
INSERT INTO `rozpodil` (`musician_id`,`song_id`,`gonorar_chastka`) VALUES (11,146,1.25);
INSERT INTO `rozpodil` (`musician_id`,`song_id`,`gonorar_chastka`) VALUES (13,146,2.5);

INSERT INTO `rozpodil` (`musician_id`,`song_id`,`gonorar_chastka`) VALUES (5,147,2.5);
INSERT INTO `rozpodil` (`musician_id`,`song_id`,`gonorar_chastka`) VALUES (7,147,2.5);
INSERT INTO `rozpodil` (`musician_id`,`song_id`,`gonorar_chastka`) VALUES (10,147,2.5);
INSERT INTO `rozpodil` (`musician_id`,`song_id`,`gonorar_chastka`) VALUES (11,147,2.5);
INSERT INTO `rozpodil` (`musician_id`,`song_id`,`gonorar_chastka`) VALUES (13,147,2.5);

INSERT INTO `rozpodil` (`musician_id`,`song_id`,`gonorar_chastka`) VALUES (5,148,2.5);
INSERT INTO `rozpodil` (`musician_id`,`song_id`,`gonorar_chastka`) VALUES (7,148,1.25);
INSERT INTO `rozpodil` (`musician_id`,`song_id`,`gonorar_chastka`) VALUES (10,148,2.5);
INSERT INTO `rozpodil` (`musician_id`,`song_id`,`gonorar_chastka`) VALUES (11,148,1.25);
INSERT INTO `rozpodil` (`musician_id`,`song_id`,`gonorar_chastka`) VALUES (13,148,2.5);

INSERT INTO `rozpodil` (`musician_id`,`song_id`,`gonorar_chastka`) VALUES (5,149,2.5);
INSERT INTO `rozpodil` (`musician_id`,`song_id`,`gonorar_chastka`) VALUES (7,149,1.25);
INSERT INTO `rozpodil` (`musician_id`,`song_id`,`gonorar_chastka`) VALUES (10,149,2.5);
INSERT INTO `rozpodil` (`musician_id`,`song_id`,`gonorar_chastka`) VALUES (11,149,1.25);
INSERT INTO `rozpodil` (`musician_id`,`song_id`,`gonorar_chastka`) VALUES (13,149,2.5);

INSERT INTO `rozpodil` (`musician_id`,`song_id`,`gonorar_chastka`) VALUES (5,150,2.5);
INSERT INTO `rozpodil` (`musician_id`,`song_id`,`gonorar_chastka`) VALUES (7,150,1.25);
INSERT INTO `rozpodil` (`musician_id`,`song_id`,`gonorar_chastka`) VALUES (10,150,2.5);
INSERT INTO `rozpodil` (`musician_id`,`song_id`,`gonorar_chastka`) VALUES (11,150,1.25);
INSERT INTO `rozpodil` (`musician_id`,`song_id`,`gonorar_chastka`) VALUES (13,150,2.5);

INSERT INTO `rozpodil` (`musician_id`,`song_id`,`gonorar_chastka`) VALUES (5,151,2.5);
INSERT INTO `rozpodil` (`musician_id`,`song_id`,`gonorar_chastka`) VALUES (7,151,1.25);
INSERT INTO `rozpodil` (`musician_id`,`song_id`,`gonorar_chastka`) VALUES (10,151,1.25);
INSERT INTO `rozpodil` (`musician_id`,`song_id`,`gonorar_chastka`) VALUES (11,151,1.25);
INSERT INTO `rozpodil` (`musician_id`,`song_id`,`gonorar_chastka`) VALUES (13,151,2.5);

INSERT INTO `rozpodil` (`musician_id`,`song_id`,`gonorar_chastka`) VALUES (5,152,2.5);
INSERT INTO `rozpodil` (`musician_id`,`song_id`,`gonorar_chastka`) VALUES (7,152,1.25);
INSERT INTO `rozpodil` (`musician_id`,`song_id`,`gonorar_chastka`) VALUES (10,152,2.5);
INSERT INTO `rozpodil` (`musician_id`,`song_id`,`gonorar_chastka`) VALUES (11,152,1.25);
INSERT INTO `rozpodil` (`musician_id`,`song_id`,`gonorar_chastka`) VALUES (13,152,1.25);

INSERT INTO `rozpodil` (`musician_id`,`song_id`,`gonorar_chastka`) VALUES (5,153,2.5);
INSERT INTO `rozpodil` (`musician_id`,`song_id`,`gonorar_chastka`) VALUES (7,153,1.25);
INSERT INTO `rozpodil` (`musician_id`,`song_id`,`gonorar_chastka`) VALUES (10,153,1.25);
INSERT INTO `rozpodil` (`musician_id`,`song_id`,`gonorar_chastka`) VALUES (11,153,1.25);
INSERT INTO `rozpodil` (`musician_id`,`song_id`,`gonorar_chastka`) VALUES (13,153,2.5);

INSERT INTO `rozpodil` (`musician_id`,`song_id`,`gonorar_chastka`) VALUES (5,154,2.5);
INSERT INTO `rozpodil` (`musician_id`,`song_id`,`gonorar_chastka`) VALUES (7,154,2.5);
INSERT INTO `rozpodil` (`musician_id`,`song_id`,`gonorar_chastka`) VALUES (10,154,2.5);
INSERT INTO `rozpodil` (`musician_id`,`song_id`,`gonorar_chastka`) VALUES (11,154,2.5);
INSERT INTO `rozpodil` (`musician_id`,`song_id`,`gonorar_chastka`) VALUES (13,154,2.5);

/*
  album 12: The Golden Age of Grotesque
*/

INSERT INTO `rozpodil` (`musician_id`,`song_id`,`gonorar_chastka`) VALUES (5,155,1.6);
INSERT INTO `rozpodil` (`musician_id`,`song_id`,`gonorar_chastka`) VALUES (7,155,1.6);
INSERT INTO `rozpodil` (`musician_id`,`song_id`,`gonorar_chastka`) VALUES (10,155,1.6);
INSERT INTO `rozpodil` (`musician_id`,`song_id`,`gonorar_chastka`) VALUES (11,155,0.8);
INSERT INTO `rozpodil` (`musician_id`,`song_id`,`gonorar_chastka`) VALUES (13,155,1.6);

INSERT INTO `rozpodil` (`musician_id`,`song_id`,`gonorar_chastka`) VALUES (5,156,1.6);
INSERT INTO `rozpodil` (`musician_id`,`song_id`,`gonorar_chastka`) VALUES (7,156,0.8);
INSERT INTO `rozpodil` (`musician_id`,`song_id`,`gonorar_chastka`) VALUES (10,156,1.6);
INSERT INTO `rozpodil` (`musician_id`,`song_id`,`gonorar_chastka`) VALUES (11,156,0.8);
INSERT INTO `rozpodil` (`musician_id`,`song_id`,`gonorar_chastka`) VALUES (13,156,0.8);

INSERT INTO `rozpodil` (`musician_id`,`song_id`,`gonorar_chastka`) VALUES (5,157,1.6);
INSERT INTO `rozpodil` (`musician_id`,`song_id`,`gonorar_chastka`) VALUES (7,157,0.8);
INSERT INTO `rozpodil` (`musician_id`,`song_id`,`gonorar_chastka`) VALUES (10,157,1.6);
INSERT INTO `rozpodil` (`musician_id`,`song_id`,`gonorar_chastka`) VALUES (11,157,0.8);
INSERT INTO `rozpodil` (`musician_id`,`song_id`,`gonorar_chastka`) VALUES (13,157,1.6);

INSERT INTO `rozpodil` (`musician_id`,`song_id`,`gonorar_chastka`) VALUES (5,158,1.6);
INSERT INTO `rozpodil` (`musician_id`,`song_id`,`gonorar_chastka`) VALUES (7,158,1.6);
INSERT INTO `rozpodil` (`musician_id`,`song_id`,`gonorar_chastka`) VALUES (10,158,1.6);
INSERT INTO `rozpodil` (`musician_id`,`song_id`,`gonorar_chastka`) VALUES (11,158,1.6);
INSERT INTO `rozpodil` (`musician_id`,`song_id`,`gonorar_chastka`) VALUES (13,158,1.6);

INSERT INTO `rozpodil` (`musician_id`,`song_id`,`gonorar_chastka`) VALUES (5,159,1.6);
INSERT INTO `rozpodil` (`musician_id`,`song_id`,`gonorar_chastka`) VALUES (7,159,1.6);
INSERT INTO `rozpodil` (`musician_id`,`song_id`,`gonorar_chastka`) VALUES (10,159,1.6);
INSERT INTO `rozpodil` (`musician_id`,`song_id`,`gonorar_chastka`) VALUES (11,159,0.8);
INSERT INTO `rozpodil` (`musician_id`,`song_id`,`gonorar_chastka`) VALUES (13,159,1.6);

INSERT INTO `rozpodil` (`musician_id`,`song_id`,`gonorar_chastka`) VALUES (5,160,1.6);
INSERT INTO `rozpodil` (`musician_id`,`song_id`,`gonorar_chastka`) VALUES (7,160,1.6);
INSERT INTO `rozpodil` (`musician_id`,`song_id`,`gonorar_chastka`) VALUES (10,160,1.6);
INSERT INTO `rozpodil` (`musician_id`,`song_id`,`gonorar_chastka`) VALUES (11,160,1.6);
INSERT INTO `rozpodil` (`musician_id`,`song_id`,`gonorar_chastka`) VALUES (13,160,1.6);

INSERT INTO `rozpodil` (`musician_id`,`song_id`,`gonorar_chastka`) VALUES (5,161,1.6);
INSERT INTO `rozpodil` (`musician_id`,`song_id`,`gonorar_chastka`) VALUES (7,161,1.6);
INSERT INTO `rozpodil` (`musician_id`,`song_id`,`gonorar_chastka`) VALUES (10,161,1.6);
INSERT INTO `rozpodil` (`musician_id`,`song_id`,`gonorar_chastka`) VALUES (11,161,0.8);
INSERT INTO `rozpodil` (`musician_id`,`song_id`,`gonorar_chastka`) VALUES (13,161,0.8);

INSERT INTO `rozpodil` (`musician_id`,`song_id`,`gonorar_chastka`) VALUES (5,162,1.6);
INSERT INTO `rozpodil` (`musician_id`,`song_id`,`gonorar_chastka`) VALUES (7,162,0.8);
INSERT INTO `rozpodil` (`musician_id`,`song_id`,`gonorar_chastka`) VALUES (10,162,0.8);
INSERT INTO `rozpodil` (`musician_id`,`song_id`,`gonorar_chastka`) VALUES (11,162,0.8);
INSERT INTO `rozpodil` (`musician_id`,`song_id`,`gonorar_chastka`) VALUES (13,162,0.8);

INSERT INTO `rozpodil` (`musician_id`,`song_id`,`gonorar_chastka`) VALUES (5,163,1.6);
INSERT INTO `rozpodil` (`musician_id`,`song_id`,`gonorar_chastka`) VALUES (7,163,0.8);
INSERT INTO `rozpodil` (`musician_id`,`song_id`,`gonorar_chastka`) VALUES (10,163,1.6);
INSERT INTO `rozpodil` (`musician_id`,`song_id`,`gonorar_chastka`) VALUES (11,163,0.8);
INSERT INTO `rozpodil` (`musician_id`,`song_id`,`gonorar_chastka`) VALUES (13,163,1.6);

INSERT INTO `rozpodil` (`musician_id`,`song_id`,`gonorar_chastka`) VALUES (5,164,1.6);
INSERT INTO `rozpodil` (`musician_id`,`song_id`,`gonorar_chastka`) VALUES (7,164,0.8);
INSERT INTO `rozpodil` (`musician_id`,`song_id`,`gonorar_chastka`) VALUES (10,164,1.6);
INSERT INTO `rozpodil` (`musician_id`,`song_id`,`gonorar_chastka`) VALUES (11,164,0.8);
INSERT INTO `rozpodil` (`musician_id`,`song_id`,`gonorar_chastka`) VALUES (13,164,0.8);

INSERT INTO `rozpodil` (`musician_id`,`song_id`,`gonorar_chastka`) VALUES (5,165,1.6);
INSERT INTO `rozpodil` (`musician_id`,`song_id`,`gonorar_chastka`) VALUES (7,165,1.6);
INSERT INTO `rozpodil` (`musician_id`,`song_id`,`gonorar_chastka`) VALUES (10,165,1.6);
INSERT INTO `rozpodil` (`musician_id`,`song_id`,`gonorar_chastka`) VALUES (11,165,0.8);
INSERT INTO `rozpodil` (`musician_id`,`song_id`,`gonorar_chastka`) VALUES (13,165,1.6);

INSERT INTO `rozpodil` (`musician_id`,`song_id`,`gonorar_chastka`) VALUES (5,166,1.6);
INSERT INTO `rozpodil` (`musician_id`,`song_id`,`gonorar_chastka`) VALUES (7,166,1.6);
INSERT INTO `rozpodil` (`musician_id`,`song_id`,`gonorar_chastka`) VALUES (10,166,0.8);
INSERT INTO `rozpodil` (`musician_id`,`song_id`,`gonorar_chastka`) VALUES (11,166,0.8);
INSERT INTO `rozpodil` (`musician_id`,`song_id`,`gonorar_chastka`) VALUES (13,166,1.6);

INSERT INTO `rozpodil` (`musician_id`,`song_id`,`gonorar_chastka`) VALUES (5,167,1.6);
INSERT INTO `rozpodil` (`musician_id`,`song_id`,`gonorar_chastka`) VALUES (7,167,1.6);
INSERT INTO `rozpodil` (`musician_id`,`song_id`,`gonorar_chastka`) VALUES (10,167,1.6);
INSERT INTO `rozpodil` (`musician_id`,`song_id`,`gonorar_chastka`) VALUES (11,167,0.8);
INSERT INTO `rozpodil` (`musician_id`,`song_id`,`gonorar_chastka`) VALUES (13,167,0.8);

INSERT INTO `rozpodil` (`musician_id`,`song_id`,`gonorar_chastka`) VALUES (5,168,1.6);
INSERT INTO `rozpodil` (`musician_id`,`song_id`,`gonorar_chastka`) VALUES (7,168,1.6);
INSERT INTO `rozpodil` (`musician_id`,`song_id`,`gonorar_chastka`) VALUES (10,168,1.6);
INSERT INTO `rozpodil` (`musician_id`,`song_id`,`gonorar_chastka`) VALUES (11,168,0.8);
INSERT INTO `rozpodil` (`musician_id`,`song_id`,`gonorar_chastka`) VALUES (13,168,1.6);

INSERT INTO `rozpodil` (`musician_id`,`song_id`,`gonorar_chastka`) VALUES (5,169,1.6);
INSERT INTO `rozpodil` (`musician_id`,`song_id`,`gonorar_chastka`) VALUES (7,169,1.6);
INSERT INTO `rozpodil` (`musician_id`,`song_id`,`gonorar_chastka`) VALUES (10,169,1.6);
INSERT INTO `rozpodil` (`musician_id`,`song_id`,`gonorar_chastka`) VALUES (11,169,0.8);
INSERT INTO `rozpodil` (`musician_id`,`song_id`,`gonorar_chastka`) VALUES (13,169,1.6);

/*
  album 13: Born Villain
*/

INSERT INTO `rozpodil` (`musician_id`,`song_id`,`gonorar_chastka`) VALUES (5,170,1.6);
INSERT INTO `rozpodil` (`musician_id`,`song_id`,`gonorar_chastka`) VALUES (7,170,1.6);
INSERT INTO `rozpodil` (`musician_id`,`song_id`,`gonorar_chastka`) VALUES (10,170,1.6);
INSERT INTO `rozpodil` (`musician_id`,`song_id`,`gonorar_chastka`) VALUES (14,170,0.8);
INSERT INTO `rozpodil` (`musician_id`,`song_id`,`gonorar_chastka`) VALUES (15,170,1.6);

INSERT INTO `rozpodil` (`musician_id`,`song_id`,`gonorar_chastka`) VALUES (5,171,1.6);
INSERT INTO `rozpodil` (`musician_id`,`song_id`,`gonorar_chastka`) VALUES (7,171,0.8);
INSERT INTO `rozpodil` (`musician_id`,`song_id`,`gonorar_chastka`) VALUES (10,171,1.6);
INSERT INTO `rozpodil` (`musician_id`,`song_id`,`gonorar_chastka`) VALUES (14,171,0.8);
INSERT INTO `rozpodil` (`musician_id`,`song_id`,`gonorar_chastka`) VALUES (15,171,0.8);

INSERT INTO `rozpodil` (`musician_id`,`song_id`,`gonorar_chastka`) VALUES (5,172,1.6);
INSERT INTO `rozpodil` (`musician_id`,`song_id`,`gonorar_chastka`) VALUES (7,172,0.8);
INSERT INTO `rozpodil` (`musician_id`,`song_id`,`gonorar_chastka`) VALUES (10,172,1.6);
INSERT INTO `rozpodil` (`musician_id`,`song_id`,`gonorar_chastka`) VALUES (14,172,0.8);
INSERT INTO `rozpodil` (`musician_id`,`song_id`,`gonorar_chastka`) VALUES (15,172,1.6);

INSERT INTO `rozpodil` (`musician_id`,`song_id`,`gonorar_chastka`) VALUES (5,173,2.4);
INSERT INTO `rozpodil` (`musician_id`,`song_id`,`gonorar_chastka`) VALUES (7,173,2.4);
INSERT INTO `rozpodil` (`musician_id`,`song_id`,`gonorar_chastka`) VALUES (10,173,2.4);
INSERT INTO `rozpodil` (`musician_id`,`song_id`,`gonorar_chastka`) VALUES (14,173,2.4);
INSERT INTO `rozpodil` (`musician_id`,`song_id`,`gonorar_chastka`) VALUES (15,173,2.4);

INSERT INTO `rozpodil` (`musician_id`,`song_id`,`gonorar_chastka`) VALUES (5,174,1.6);
INSERT INTO `rozpodil` (`musician_id`,`song_id`,`gonorar_chastka`) VALUES (7,174,1.6);
INSERT INTO `rozpodil` (`musician_id`,`song_id`,`gonorar_chastka`) VALUES (10,174,1.6);
INSERT INTO `rozpodil` (`musician_id`,`song_id`,`gonorar_chastka`) VALUES (14,174,0.8);
INSERT INTO `rozpodil` (`musician_id`,`song_id`,`gonorar_chastka`) VALUES (15,174,1.6);

INSERT INTO `rozpodil` (`musician_id`,`song_id`,`gonorar_chastka`) VALUES (5,175,1.6);
INSERT INTO `rozpodil` (`musician_id`,`song_id`,`gonorar_chastka`) VALUES (7,175,1.6);
INSERT INTO `rozpodil` (`musician_id`,`song_id`,`gonorar_chastka`) VALUES (10,175,1.6);
INSERT INTO `rozpodil` (`musician_id`,`song_id`,`gonorar_chastka`) VALUES (14,175,1.6);
INSERT INTO `rozpodil` (`musician_id`,`song_id`,`gonorar_chastka`) VALUES (15,175,1.6);

INSERT INTO `rozpodil` (`musician_id`,`song_id`,`gonorar_chastka`) VALUES (5,176,1.6);
INSERT INTO `rozpodil` (`musician_id`,`song_id`,`gonorar_chastka`) VALUES (7,176,1.6);
INSERT INTO `rozpodil` (`musician_id`,`song_id`,`gonorar_chastka`) VALUES (10,176,1.6);
INSERT INTO `rozpodil` (`musician_id`,`song_id`,`gonorar_chastka`) VALUES (14,176,0.8);
INSERT INTO `rozpodil` (`musician_id`,`song_id`,`gonorar_chastka`) VALUES (15,176,0.8);

INSERT INTO `rozpodil` (`musician_id`,`song_id`,`gonorar_chastka`) VALUES (5,177,1.6);
INSERT INTO `rozpodil` (`musician_id`,`song_id`,`gonorar_chastka`) VALUES (7,177,0.8);
INSERT INTO `rozpodil` (`musician_id`,`song_id`,`gonorar_chastka`) VALUES (10,177,1.6);
INSERT INTO `rozpodil` (`musician_id`,`song_id`,`gonorar_chastka`) VALUES (14,177,0.8);
INSERT INTO `rozpodil` (`musician_id`,`song_id`,`gonorar_chastka`) VALUES (15,177,0.8);

INSERT INTO `rozpodil` (`musician_id`,`song_id`,`gonorar_chastka`) VALUES (5,178,1.6);
INSERT INTO `rozpodil` (`musician_id`,`song_id`,`gonorar_chastka`) VALUES (7,178,0.8);
INSERT INTO `rozpodil` (`musician_id`,`song_id`,`gonorar_chastka`) VALUES (10,178,1.6);
INSERT INTO `rozpodil` (`musician_id`,`song_id`,`gonorar_chastka`) VALUES (14,178,0.8);
INSERT INTO `rozpodil` (`musician_id`,`song_id`,`gonorar_chastka`) VALUES (15,178,1.6);

INSERT INTO `rozpodil` (`musician_id`,`song_id`,`gonorar_chastka`) VALUES (5,179,2.4);
INSERT INTO `rozpodil` (`musician_id`,`song_id`,`gonorar_chastka`) VALUES (7,179,0.8);
INSERT INTO `rozpodil` (`musician_id`,`song_id`,`gonorar_chastka`) VALUES (10,179,1.6);
INSERT INTO `rozpodil` (`musician_id`,`song_id`,`gonorar_chastka`) VALUES (14,179,0.8);
INSERT INTO `rozpodil` (`musician_id`,`song_id`,`gonorar_chastka`) VALUES (15,179,0.8);

INSERT INTO `rozpodil` (`musician_id`,`song_id`,`gonorar_chastka`) VALUES (5,180,1.6);
INSERT INTO `rozpodil` (`musician_id`,`song_id`,`gonorar_chastka`) VALUES (7,180,1.6);
INSERT INTO `rozpodil` (`musician_id`,`song_id`,`gonorar_chastka`) VALUES (10,180,1.6);
INSERT INTO `rozpodil` (`musician_id`,`song_id`,`gonorar_chastka`) VALUES (14,180,0.8);
INSERT INTO `rozpodil` (`musician_id`,`song_id`,`gonorar_chastka`) VALUES (15,180,1.6);

INSERT INTO `rozpodil` (`musician_id`,`song_id`,`gonorar_chastka`) VALUES (5,181,1.6);
INSERT INTO `rozpodil` (`musician_id`,`song_id`,`gonorar_chastka`) VALUES (7,181,1.6);
INSERT INTO `rozpodil` (`musician_id`,`song_id`,`gonorar_chastka`) VALUES (10,181,0.8);
INSERT INTO `rozpodil` (`musician_id`,`song_id`,`gonorar_chastka`) VALUES (14,181,0.8);
INSERT INTO `rozpodil` (`musician_id`,`song_id`,`gonorar_chastka`) VALUES (15,181,1.6);

INSERT INTO `rozpodil` (`musician_id`,`song_id`,`gonorar_chastka`) VALUES (5,182,2.4);
INSERT INTO `rozpodil` (`musician_id`,`song_id`,`gonorar_chastka`) VALUES (7,182,1.6);
INSERT INTO `rozpodil` (`musician_id`,`song_id`,`gonorar_chastka`) VALUES (10,182,1.6);
INSERT INTO `rozpodil` (`musician_id`,`song_id`,`gonorar_chastka`) VALUES (14,182,0.8);
INSERT INTO `rozpodil` (`musician_id`,`song_id`,`gonorar_chastka`) VALUES (15,182,0.8);

INSERT INTO `rozpodil` (`musician_id`,`song_id`,`gonorar_chastka`) VALUES (5,183,2.4);
INSERT INTO `rozpodil` (`musician_id`,`song_id`,`gonorar_chastka`) VALUES (7,183,1.6);
INSERT INTO `rozpodil` (`musician_id`,`song_id`,`gonorar_chastka`) VALUES (10,183,1.6);
INSERT INTO `rozpodil` (`musician_id`,`song_id`,`gonorar_chastka`) VALUES (14,183,0.8);
INSERT INTO `rozpodil` (`musician_id`,`song_id`,`gonorar_chastka`) VALUES (15,183,1.6);

/*
  album 14: The Pale Emperor
*/

INSERT INTO `rozpodil` (`musician_id`,`song_id`,`gonorar_chastka`) VALUES (5,184,4.0);
INSERT INTO `rozpodil` (`musician_id`,`song_id`,`gonorar_chastka`) VALUES (16,184,3.0);
INSERT INTO `rozpodil` (`musician_id`,`song_id`,`gonorar_chastka`) VALUES (17,184,3.0);

INSERT INTO `rozpodil` (`musician_id`,`song_id`,`gonorar_chastka`) VALUES (5,185,4.0);
INSERT INTO `rozpodil` (`musician_id`,`song_id`,`gonorar_chastka`) VALUES (16,185,3.0);
INSERT INTO `rozpodil` (`musician_id`,`song_id`,`gonorar_chastka`) VALUES (17,185,2.5);

INSERT INTO `rozpodil` (`musician_id`,`song_id`,`gonorar_chastka`) VALUES (5,186,2.5);
INSERT INTO `rozpodil` (`musician_id`,`song_id`,`gonorar_chastka`) VALUES (16,186,4.0);
INSERT INTO `rozpodil` (`musician_id`,`song_id`,`gonorar_chastka`) VALUES (17,186,4.0);

INSERT INTO `rozpodil` (`musician_id`,`song_id`,`gonorar_chastka`) VALUES (5,187,4.0);
INSERT INTO `rozpodil` (`musician_id`,`song_id`,`gonorar_chastka`) VALUES (16,187,3.0);
INSERT INTO `rozpodil` (`musician_id`,`song_id`,`gonorar_chastka`) VALUES (17,187,2.5);

INSERT INTO `rozpodil` (`musician_id`,`song_id`,`gonorar_chastka`) VALUES (5,188,4.0);
INSERT INTO `rozpodil` (`musician_id`,`song_id`,`gonorar_chastka`) VALUES (16,188,3.0);
INSERT INTO `rozpodil` (`musician_id`,`song_id`,`gonorar_chastka`) VALUES (17,188,2.5);

INSERT INTO `rozpodil` (`musician_id`,`song_id`,`gonorar_chastka`) VALUES (5,189,4.0);
INSERT INTO `rozpodil` (`musician_id`,`song_id`,`gonorar_chastka`) VALUES (16,189,3.0);
INSERT INTO `rozpodil` (`musician_id`,`song_id`,`gonorar_chastka`) VALUES (17,189,4.0);

INSERT INTO `rozpodil` (`musician_id`,`song_id`,`gonorar_chastka`) VALUES (5,190,4.0);
INSERT INTO `rozpodil` (`musician_id`,`song_id`,`gonorar_chastka`) VALUES (16,190,3.0);
INSERT INTO `rozpodil` (`musician_id`,`song_id`,`gonorar_chastka`) VALUES (17,190,3.0);

INSERT INTO `rozpodil` (`musician_id`,`song_id`,`gonorar_chastka`) VALUES (5,191,4.0);
INSERT INTO `rozpodil` (`musician_id`,`song_id`,`gonorar_chastka`) VALUES (16,191,3.0);
INSERT INTO `rozpodil` (`musician_id`,`song_id`,`gonorar_chastka`) VALUES (17,191,4.0);

INSERT INTO `rozpodil` (`musician_id`,`song_id`,`gonorar_chastka`) VALUES (5,192,4.0);
INSERT INTO `rozpodil` (`musician_id`,`song_id`,`gonorar_chastka`) VALUES (16,192,3.0);
INSERT INTO `rozpodil` (`musician_id`,`song_id`,`gonorar_chastka`) VALUES (17,192,3.0);

INSERT INTO `rozpodil` (`musician_id`,`song_id`,`gonorar_chastka`) VALUES (5,193,4.0);
INSERT INTO `rozpodil` (`musician_id`,`song_id`,`gonorar_chastka`) VALUES (16,193,2.5);
INSERT INTO `rozpodil` (`musician_id`,`song_id`,`gonorar_chastka`) VALUES (17,193,2.5);

/*
  album 15: Boy
*/

INSERT INTO `rozpodil` (`musician_id`,`song_id`,`gonorar_chastka`) VALUES (18,194,4.0);
INSERT INTO `rozpodil` (`musician_id`,`song_id`,`gonorar_chastka`) VALUES (19,194,3.0);
INSERT INTO `rozpodil` (`musician_id`,`song_id`,`gonorar_chastka`) VALUES (20,194,3.0);

INSERT INTO `rozpodil` (`musician_id`,`song_id`,`gonorar_chastka`) VALUES (18,195,4.0);
INSERT INTO `rozpodil` (`musician_id`,`song_id`,`gonorar_chastka`) VALUES (19,195,3.0);
INSERT INTO `rozpodil` (`musician_id`,`song_id`,`gonorar_chastka`) VALUES (20,195,2.5);

INSERT INTO `rozpodil` (`musician_id`,`song_id`,`gonorar_chastka`) VALUES (18,196,2.5);
INSERT INTO `rozpodil` (`musician_id`,`song_id`,`gonorar_chastka`) VALUES (19,196,4.0);
INSERT INTO `rozpodil` (`musician_id`,`song_id`,`gonorar_chastka`) VALUES (20,196,4.0);

INSERT INTO `rozpodil` (`musician_id`,`song_id`,`gonorar_chastka`) VALUES (18,197,4.0);
INSERT INTO `rozpodil` (`musician_id`,`song_id`,`gonorar_chastka`) VALUES (19,197,3.0);
INSERT INTO `rozpodil` (`musician_id`,`song_id`,`gonorar_chastka`) VALUES (20,197,2.5);

INSERT INTO `rozpodil` (`musician_id`,`song_id`,`gonorar_chastka`) VALUES (18,198,2.5);
INSERT INTO `rozpodil` (`musician_id`,`song_id`,`gonorar_chastka`) VALUES (19,198,3.0);
INSERT INTO `rozpodil` (`musician_id`,`song_id`,`gonorar_chastka`) VALUES (20,198,2.5);

INSERT INTO `rozpodil` (`musician_id`,`song_id`,`gonorar_chastka`) VALUES (18,199,2.5);
INSERT INTO `rozpodil` (`musician_id`,`song_id`,`gonorar_chastka`) VALUES (19,199,3.0);
INSERT INTO `rozpodil` (`musician_id`,`song_id`,`gonorar_chastka`) VALUES (20,199,2.5);

INSERT INTO `rozpodil` (`musician_id`,`song_id`,`gonorar_chastka`) VALUES (18,200,3.0);
INSERT INTO `rozpodil` (`musician_id`,`song_id`,`gonorar_chastka`) VALUES (19,200,3.0);
INSERT INTO `rozpodil` (`musician_id`,`song_id`,`gonorar_chastka`) VALUES (20,200,3.0);

INSERT INTO `rozpodil` (`musician_id`,`song_id`,`gonorar_chastka`) VALUES (18,201,4.0);
INSERT INTO `rozpodil` (`musician_id`,`song_id`,`gonorar_chastka`) VALUES (19,201,3.0);
INSERT INTO `rozpodil` (`musician_id`,`song_id`,`gonorar_chastka`) VALUES (20,201,2.5);

INSERT INTO `rozpodil` (`musician_id`,`song_id`,`gonorar_chastka`) VALUES (18,202,4.0);
INSERT INTO `rozpodil` (`musician_id`,`song_id`,`gonorar_chastka`) VALUES (19,202,2.5);
INSERT INTO `rozpodil` (`musician_id`,`song_id`,`gonorar_chastka`) VALUES (20,202,2.5);

INSERT INTO `rozpodil` (`musician_id`,`song_id`,`gonorar_chastka`) VALUES (18,203,3.0);
INSERT INTO `rozpodil` (`musician_id`,`song_id`,`gonorar_chastka`) VALUES (19,203,2.5);
INSERT INTO `rozpodil` (`musician_id`,`song_id`,`gonorar_chastka`) VALUES (20,203,2.5);

INSERT INTO `rozpodil` (`musician_id`,`song_id`,`gonorar_chastka`) VALUES (18,204,4.0);
INSERT INTO `rozpodil` (`musician_id`,`song_id`,`gonorar_chastka`) VALUES (19,204,2.5);
INSERT INTO `rozpodil` (`musician_id`,`song_id`,`gonorar_chastka`) VALUES (20,204,2.5);

/*
  album 16: October
*/

INSERT INTO `rozpodil` (`musician_id`,`song_id`,`gonorar_chastka`) VALUES (18,205,4.0);
INSERT INTO `rozpodil` (`musician_id`,`song_id`,`gonorar_chastka`) VALUES (19,205,3.0);
INSERT INTO `rozpodil` (`musician_id`,`song_id`,`gonorar_chastka`) VALUES (20,205,3.0);

INSERT INTO `rozpodil` (`musician_id`,`song_id`,`gonorar_chastka`) VALUES (18,206,3.0);
INSERT INTO `rozpodil` (`musician_id`,`song_id`,`gonorar_chastka`) VALUES (19,206,3.0);
INSERT INTO `rozpodil` (`musician_id`,`song_id`,`gonorar_chastka`) VALUES (20,206,2.5);

INSERT INTO `rozpodil` (`musician_id`,`song_id`,`gonorar_chastka`) VALUES (18,207,2.5);
INSERT INTO `rozpodil` (`musician_id`,`song_id`,`gonorar_chastka`) VALUES (19,207,3.0);
INSERT INTO `rozpodil` (`musician_id`,`song_id`,`gonorar_chastka`) VALUES (20,207,2.5);

INSERT INTO `rozpodil` (`musician_id`,`song_id`,`gonorar_chastka`) VALUES (18,208,3.0);
INSERT INTO `rozpodil` (`musician_id`,`song_id`,`gonorar_chastka`) VALUES (19,208,3.0);
INSERT INTO `rozpodil` (`musician_id`,`song_id`,`gonorar_chastka`) VALUES (20,208,2.5);

INSERT INTO `rozpodil` (`musician_id`,`song_id`,`gonorar_chastka`) VALUES (18,209,3.0);
INSERT INTO `rozpodil` (`musician_id`,`song_id`,`gonorar_chastka`) VALUES (19,209,2.5);
INSERT INTO `rozpodil` (`musician_id`,`song_id`,`gonorar_chastka`) VALUES (20,209,2.5);

INSERT INTO `rozpodil` (`musician_id`,`song_id`,`gonorar_chastka`) VALUES (18,210,3.0);
INSERT INTO `rozpodil` (`musician_id`,`song_id`,`gonorar_chastka`) VALUES (19,210,2.5);
INSERT INTO `rozpodil` (`musician_id`,`song_id`,`gonorar_chastka`) VALUES (20,210,4.0);

INSERT INTO `rozpodil` (`musician_id`,`song_id`,`gonorar_chastka`) VALUES (18,211,4.0);
INSERT INTO `rozpodil` (`musician_id`,`song_id`,`gonorar_chastka`) VALUES (19,211,2.5);
INSERT INTO `rozpodil` (`musician_id`,`song_id`,`gonorar_chastka`) VALUES (20,211,3.0);

INSERT INTO `rozpodil` (`musician_id`,`song_id`,`gonorar_chastka`) VALUES (18,212,4.0);
INSERT INTO `rozpodil` (`musician_id`,`song_id`,`gonorar_chastka`) VALUES (19,212,3.0);
INSERT INTO `rozpodil` (`musician_id`,`song_id`,`gonorar_chastka`) VALUES (20,212,4.0);

INSERT INTO `rozpodil` (`musician_id`,`song_id`,`gonorar_chastka`) VALUES (18,213,4.0);
INSERT INTO `rozpodil` (`musician_id`,`song_id`,`gonorar_chastka`) VALUES (19,213,2.5);
INSERT INTO `rozpodil` (`musician_id`,`song_id`,`gonorar_chastka`) VALUES (20,213,2.5);

INSERT INTO `rozpodil` (`musician_id`,`song_id`,`gonorar_chastka`) VALUES (18,214,4.0);
INSERT INTO `rozpodil` (`musician_id`,`song_id`,`gonorar_chastka`) VALUES (19,214,2.5);
INSERT INTO `rozpodil` (`musician_id`,`song_id`,`gonorar_chastka`) VALUES (20,214,2.5);

INSERT INTO `rozpodil` (`musician_id`,`song_id`,`gonorar_chastka`) VALUES (18,215,4.0);
INSERT INTO `rozpodil` (`musician_id`,`song_id`,`gonorar_chastka`) VALUES (19,215,2.5);
INSERT INTO `rozpodil` (`musician_id`,`song_id`,`gonorar_chastka`) VALUES (20,215,2.5);